city_death,tot_pop_17,over_65_count,over_65_prop,med_house_inc,mean_house_inc,mean_med_inc_desp,drop_out,less_than_hs_ed,at_or_below_pov_prop,pop_struggling_prop,town_status,urb_v_rur,death_rate_12,death_rate_13,death_rate_14,death_rate_15,death_rate_16,death_rate_17,death_rate_18
abington,16275,2469,0.15170506912442397,87156.0,98809.03550508946,11653.035505089461,3.452855245683931,5.405642963874484,0.03575398295665061,0.10040755835494627,grown,rural,0.6223605245610135,1.2415199751696007,0.0,3.705500904318673,0.616007392088705,1.8433179723502304,3.064396095083833
acton,23455,4001,0.17058196546578555,139890.46666666667,156680.2038667132,16789.737200046537,1.2195121951219512,2.456531155250294,0.03831466941262282,0.04174711460076372,grown,rural,0.8943972401456589,0.0,0.4386184771166475,0.8689013983106074,1.2910841417979269,0.0,0.42240942335079296
acushnet,10443,2431,0.23278751316671453,69624.71428571429,80333.1758415636,10708.461555849315,10.99290780141844,18.297314996725607,0.040828173374613,0.17840557275541796,grown,rural,1.9336749492410326,0.0,0.0,3.8450446986446214,1.9188333493236112,3.8303169587283348,0.0
adams,8211,1764,0.21483375959079284,48445.4,60968.59465971087,12523.19465971088,6.906906906906907,11.862182116488926,0.11085394079668656,0.1445973931051285,shrunk,rural,1.1895253793736298,1.1950898878322775,2.4014134033173815,3.6191296854803965,1.2121002233727554,0.0,4.894848172298656
agawam,27769,6195,0.22309049659692462,65490.125,79464.23444558342,13974.109445583439,0.0,7.748863306568637,0.09481894150417827,0.14265552460538533,shrunk,rural,0.3540216863570157,1.0656706874590858,0.35643362696674985,0.7153039275294935,0.0,1.4404551838380928,2.8908597210320366
alford,411,219,0.5328467153284672,105625.0,148519.270833333,42894.270833332994,0.0,1.4534883720930232,0.04866180048661801,0.024330900243309004,shrunk,rural,0.0,0.0,0.0,0.0,0.0,0.0,0.0
amesbury,17218,2949,0.17127424788012546,86335.33333333333,96920.17138143258,10584.83804809926,4.338153503893214,5.751708428246014,0.04914077212806026,0.09021892655367232,grown,rural,0.6042243916755142,0.5993869128148922,0.0,3.539644012944984,0.5853283273824953,2.3231501916598907,3.457900066688073
amherst,39880,3465,0.08688565697091274,61203.94736842105,76166.45394901112,13789.900103617263,0.0,4.992163009404389,0.3322599779679688,0.14867384119989832,grown,rural,0.0,0.5167653442395429,0.25643186055968087,0.2545102858514096,0.7578518868707573,0.25075225677031093,0.49782910949040077
andover,35375,5881,0.16624734982332157,135314.05,174570.49906727744,39256.44906727747,1.3185878349638451,2.6285172577239626,0.04442355153367023,0.044012222352802916,grown,rural,0.2956642943126861,1.1718962536987976,1.4516617379294328,0.5754756923178105,0.8555679137587543,0.5653710247349824,0.5604506022842365
aquinnah,640,66,0.103125,80250.0,103304.316546763,23054.316546763002,14.545454545454545,9.667673716012084,0.2171875,0.05,grown,rural,0.0,0.0,0.0,0.0,0.0,0.0,0.0
arlington,44992,8208,0.18243243243243243,117226.48837209302,141678.55759841323,23978.097527228874,2.1065675340768277,2.9699689749691256,0.05175770323793327,0.0668620913423885,grown,rural,0.9204349712692799,0.6854859769154437,1.1345218800648298,0.901341711519147,0.4475760559597949,0.22226173541963018,0.44151224250375287
ashburnham,6210,776,0.1249597423510467,86149.8,99282.09876598573,13132.29876598574,16.551724137931036,2.8346068523539563,0.047760210803689064,0.06538208168642952,grown,rural,0.0,0.0,0.0,1.6199203924835694,1.615098867123509,0.0,0.0
ashby,3195,496,0.15524256651017215,93522.0,103872.60450834001,10350.604508340002,0.0,8.383233532934131,0.07855559075071271,0.06208425720620843,grown,rural,0.0,0.0,3.1815289519134624,0.0,0.0,3.1298904538341157,0.0
ashfield,1598,340,0.2127659574468085,72415.0,93013.58510023926,20598.585100239252,0.0,2.4271844660194173,0.0769712140175219,0.10763454317897372,shrunk,rural,0.0,0.0,0.0,0.0,0.0,0.0,6.336561962523763
ashland,17478,2943,0.16838311019567456,105871.77777777778,126114.49357549782,20242.71579772003,0.0,3.7690263348634936,0.03184347925870675,0.0730965631992656,grown,rural,0.5936177610434105,0.0,0.0,0.5805467091295116,1.152633355562691,1.1442956860052638,0.0
athol,11680,2196,0.18801369863013698,54531.71428571428,61648.84684156779,10872.627459840161,2.6101141924959217,12.699350265800355,0.1470894874022589,0.16550825369244135,grown,rural,1.72244094488189,1.720408965788439,1.718381775333857,1.7163593566104351,3.4286833855799372,4.280821917808219,8.551602814698983
attleboro,44326,6953,0.15686053332130126,75340.53571428571,86561.72830727945,12981.642050288774,0.9169638308711157,10.879245896310742,0.09160636427968133,0.1302075010843016,grown,rural,0.9131913755597374,2.505287131934277,3.408172473002405,3.8534272835604373,5.201115170780716,9.024049090827054,3.601112486536019
auburn,16552,3659,0.2210608989850169,78411.05882352941,93681.00878706726,15269.949963537825,0.12562814070351758,6.791185385434587,0.04602942964854676,0.09175483400218898,grown,rural,0.0,1.2236906510034264,0.6099048548426446,0.0,0.0,0.6041565973900435,0.6022645145748012
avon,4468,819,0.1833034914950761,73736.25,89870.68927908503,16134.439279085018,0.0,13.286093888396811,0.08482542524619517,0.08034914950760967,grown,rural,4.557885141294439,2.2706630336058127,4.524886877828054,0.0,2.2461814914645104,2.2381378692927485,4.460303300624442
ayer,8014,1102,0.1375093586224108,76260.0,88050.46078038828,11790.46078038827,0.0,4.497398892431616,0.13423322084739409,0.0804899387576553,grown,rural,0.0,1.302325581395349,2.5765132414376946,1.2744883839487289,12.610113310875322,3.743448964312453,2.4697891858516363
barnstable,44325,11869,0.26777213761985336,70447.84210526316,96581.06305344864,26133.22094818549,9.30124942156409,5.257753752302721,0.09114004445855828,0.14578324184548383,shrunk,rural,1.112470797641562,1.7848776243278819,4.250844575698593,5.608776613645032,6.749308195909919,5.188945290468133,7.69213366213434
barre,5491,752,0.13695137497723547,70220.25,88804.5441717447,18584.2941717447,0.0,4.329349269588313,0.057212076034289974,0.11647409616101378,grown,rural,1.843463604761403,0.0,0.0,0.0,0.0,0.0,1.8167661562418895
becket,1852,421,0.22732181425485962,76042.0,88111.42338958636,12069.42338958635,0.0,6.639288158795345,0.06924754634678298,0.0916030534351145,grown,rural,0.0,0.0,0.0,5.461070369792479,0.0,0.0,0.0
bedford,14105,3078,0.21822048918823111,124504.22222222222,151027.7814162325,26523.55919401028,11.19186046511628,2.3693803159173754,0.025362582902120838,0.07900298812039938,grown,rural,1.4766374854973103,0.0,0.7262917617763021,0.7204240209952143,1.4293006636038796,1.4179369018078696,0.7033762057877813
belchertown,14906,2721,0.18254394203676372,87325.66666666667,105305.02638535477,17979.359718688116,0.0,6.400318028225005,0.0576884150867013,0.09621483030834627,grown,rural,0.6792357627332448,2.032638364597247,0.67586486564772,0.0,0.6725272613729164,2.012612370857373,4.015334754634366
bellingham,16929,2330,0.13763364640557624,96905.77777777778,116765.78432545734,19860.006547679535,0.0,6.006031160998492,0.04181579575280363,0.0587568599379623,grown,rural,1.8178985093232223,0.6028506222279637,1.1995338954006443,1.1934293191485734,0.5936932810883245,0.59070234508831,1.1754827875734677
belmont,25965,5009,0.19291353745426534,133904.22222222222,169356.88168527174,35452.659463049575,0.974025974025974,3.4898582939705474,0.05527012299548498,0.0535575276350615,grown,rural,0.0,0.0,0.39315461647767164,0.3904441581187285,0.3877708163683601,0.770267668014635,0.3825324742746911
berkley,6630,847,0.1277526395173454,94247.66666666667,107201.58783799357,12953.921171326903,0.3436426116838488,6.329386437029063,0.03928085813567004,0.09276325728962079,grown,rural,3.08948471808452,1.53731277726534,1.5299543199353047,0.0,3.030893464094737,3.0165912518853695,1.501211692294495
berlin,3098,614,0.19819238218205293,90776.5,121826.9028195785,31050.402819578514,20.27972027972028,6.247269550021843,0.028877352368591822,0.08208955223880597,grown,rural,0.0,0.0,0.0,3.2984638582602956,0.0,0.0,0.0
bernardston,1074,261,0.2430167597765363,70500.0,82633.3333333333,12133.3333333333,0.0,2.406738868832732,0.035381750465549346,0.2206703910614525,shrunk,rural,10.94348471820527,0.0,0.0,0.0,0.0,0.0,0.0
beverly,41431,7488,0.18073423282083464,87027.46428571429,112923.64809992803,26393.909549574426,0.0,5.6848089272555,0.08261729938030517,0.12794875800656147,grown,rural,1.7476780848301545,0.9918491255787263,2.9553530591422437,3.424669501920261,6.803476715448057,4.103207742994376,2.8772444219136415
billerica,42791,7375,0.1723493257928069,100865.35714285714,111088.3180768316,9978.884011357286,2.669491525423729,7.437693435412934,0.042882969748101726,0.07151982644329276,grown,rural,0.2440750774938371,0.7257771864037741,1.4388834264610662,1.6641704110500917,2.121290687533882,1.8695520085999393,1.853782875680686
blackstone,9201,1238,0.134550592326921,73267.6,88997.39166895002,15729.791668950022,1.8181818181818181,5.818931346123355,0.03982542280414621,0.08292416803055101,grown,rural,0.0,0.0,0.0,1.0927767457108513,3.2693984306887534,1.0868383871318334,0.0
blandford,1259,306,0.24305003971405878,62875.0,78223.8447319778,15348.844731977806,0.0,10.623084780388151,0.07069102462271644,0.1556791104050834,grown,rural,0.0,0.0,0.0,0.0,0.0,0.0,0.0
bolton,5167,716,0.13857170505128702,149331.5,164037.83714528248,14706.337145282494,0.0,1.2813046010483402,0.013934584865492549,0.03657828527191794,grown,rural,0.0,0.0,0.0,0.0,1.9499150394161395,1.9353590090961874,0.0
boston,668541,85040,0.12720237053524017,71196.0495049505,92167.94052329108,22125.40186501259,2.033171559157518,13.941736093625128,0.2051539801511834,0.15864350438687613,grown,urban,0.9807794349083356,1.2667563151823762,2.5823148762985024,3.4557382621218977,3.9167480405457953,4.173266860222484,3.625230249682185
bourne,19832,4614,0.2326542960871319,69166.9375,91659.35790084311,22492.420400843093,3.896103896103896,3.6843221837210947,0.06850593787273765,0.11294922989161438,grown,rural,2.022624499761619,1.0107427515305534,1.0101738942203622,2.019211353736983,3.0271142951868883,0.5042355788624445,2.015809707563606
boxborough,5546,739,0.13324918860439958,111916.33333333333,138245.35080914994,26329.017475816596,0.0,2.992776057791538,0.05319148936170213,0.06527226830147854,grown,rural,0.0,0.0,0.0,0.0,0.0,1.8031013342949875,0.0
boxford,8228,1698,0.2063684978123481,162762.6,204146.35700396338,41383.7570039634,0.0,2.3788852231290156,0.02771025765678172,0.03986387943607195,grown,rural,0.0,0.0,0.0,0.0,0.0,0.0,0.0
boylston,4524,660,0.14588859416445624,91662.75,114604.4399436983,22941.6899436983,0.0,3.4374014506464836,0.040798226164079826,0.08980044345898004,grown,rural,0.0,0.0,0.0,2.234280242578998,0.0,0.0,0.0
braintree,37082,7407,0.19974650773960412,87660.2,102959.95774705119,15906.060566217075,0.0,5.949796213766046,0.04990413585319091,0.09821966584497398,grown,rural,0.8304202717451479,0.8260496731203436,1.09563311942401,1.9073717973670485,1.8974891184807694,2.6967261744242492,1.6097381492610539
brewster,9856,3274,0.33218344155844154,71159.11111111111,93807.27444595686,22648.163334845754,12.598425196850394,2.887947631882942,0.04801933382368393,0.12262267521277713,grown,rural,1.0172644306225658,1.0167325122007902,0.0,1.0156703424260012,1.0151400893323277,1.0146103896103897,0.0
bridgewater,27434,4382,0.1597288036742728,96327.5,113320.18273497929,16992.682734979277,3.285058283292123,7.249760536398467,0.09496371233780515,0.08260391466901254,grown,rural,0.745938630563237,1.8562321669123965,0.36953939553913157,1.4713919367721864,0.7323439715013574,1.8225559524677408,0.3628653924907599
brimfield,3724,839,0.2252953813104189,86875.0,95589.44559944549,8714.445599445498,0.0,6.1745919091554295,0.04223064428803465,0.13806172171088252,grown,rural,0.0,0.0,0.0,0.0,0.0,0.0,5.346980865447046
brockton,94602,13445,0.14212173104162704,59320.72151898734,69958.24249674237,11799.972147857718,4.78,18.79663723158135,0.16903504043126685,0.19819946091644206,grown,urban,0.9570773591956904,2.8677816116022257,4.773899047948133,9.324432738446633,7.302448361258016,7.505126741506523,5.38456665550538
brookfield,3406,791,0.23223722842043454,63971.333333333336,86589.52895936577,22618.195626032433,0.0,12.668463611859838,0.0919302394324564,0.11055276381909548,grown,rural,0.0,2.9438977205820507,0.0,0.0,0.0,5.871990604815032,2.934026322407578
brookline,59246,10353,0.17474597441177464,120886.67567567568,163911.0914964759,46183.3921070986,0.08428150021070376,2.8807285832562215,0.11366000832292968,0.07064086558468581,grown,urban,0.0,0.1696287069930646,0.0,0.5076215753673005,0.33799443757725584,0.6751510650508051,0.5057364968355345
buckland,1927,538,0.27919045147898286,53202.0,65936.03454876065,12734.03454876065,0.0,10.0418410041841,0.10764430577223089,0.16796671866874674,grown,rural,0.0,5.228172380312196,0.0,0.0,0.0,0.0,0.0
burlington,26103,6078,0.23284679921848064,109413.13333333333,128491.74066488205,19078.607331548705,0.0,4.841358122781927,0.03990646323698536,0.06378900559687188,grown,rural,1.2020881989284242,1.1911446900471354,3.541195912448147,3.5095342346708556,5.02440424921045,6.129563651687545,7.595238870262469
cambridge,110893,14462,0.13041400268727513,96468.08641975309,129963.8306557746,35813.32778945452,0.7494889847831024,5.342999060276547,0.1350795334040297,0.09595970307529163,grown,urban,0.468167298915457,0.4646056758884256,1.6599522039159065,2.196684314235691,3.724757306753881,1.8937173671917975,1.7008064124238154
canton,22829,4471,0.19584738709536118,95860.09090909091,125642.42598347082,29782.33507437989,1.9467213114754098,2.9595972000491217,0.05990312402790739,0.056747989157001286,grown,rural,0.45613600672474797,1.8095921308593623,0.8974416502669889,1.3353087424570953,1.766171507868925,1.752157343729467,0.4345909567830335
carlisle,5160,1212,0.23488372093023255,172634.0,252380.83414558452,79746.83414558452,0.0,2.3783185840707963,0.01608527131782946,0.02248062015503876,grown,rural,0.0,0.0,0.0,0.0,0.0,0.0,0.0
carver,11617,2787,0.23990703279676337,79661.375,89054.10151703263,9392.72651703264,2.272727272727273,10.390532544378699,0.0457132999827497,0.14455752975677075,grown,rural,3.466247415788757,1.730809648027495,2.592752639051793,4.315500043155001,0.8619521985937865,2.582422312128777,0.8596657128470901
charlton,13379,1741,0.13012930712310336,89875.6,103546.55000397234,13670.950003972359,0.0,4.298397574707666,0.04674735249621785,0.06293494704992436,grown,rural,0.7636669103127762,0.7603654098912678,0.0,0.0,0.7506299930298643,2.242320053815681,0.0
chatham,5166,2217,0.4291521486643438,75654.5,96552.44946992517,19539.84707661487,1.7647058823529411,3.1280547409579667,0.1011325253328035,0.09735744089012517,shrunk,rural,0.0,0.0,1.7930787161556392,1.838235294117647,0.0,0.0,0.0
chelmsford,35067,7918,0.22579633273447972,109074.0,128458.99825579357,21208.175843804518,1.5521064301552105,4.194027517198249,0.036056660466447274,0.05766204034912004,grown,rural,0.0,0.8735113910044966,0.28964638314423563,0.8644145238105039,0.8599367741724132,1.4258419596771892,0.8511190188624187
chelsea,39272,4121,0.1049348136076594,55295.666666666664,65642.5878532573,10346.921186590627,10.809178743961352,30.195395627781004,0.19527891471670913,0.2508816639637552,grown,rural,0.5502517401711283,1.8953752843062925,2.132366660447264,2.886987559708152,2.5848476232326107,2.29170910572418,3.2616604360589108
cheshire,3169,979,0.3089302619122752,63138.0,75714.10474621,12576.104746210001,3.3557046979865772,6.530782029950084,0.039760176711896494,0.1167560744714421,shrunk,rural,0.0,0.0,0.0,0.0,0.0,0.0,9.494958629108831
chester,1529,228,0.14911706998037932,76250.0,83045.2991452991,6795.299145299097,0.0,9.254267744833783,0.0641958967571145,0.14096624751819986,grown,rural,0.0,0.0,0.0,0.0,0.0,0.0,0.0
chesterfield,1303,217,0.16653875671527243,74412.0,91023.41269841269,16611.412698412692,0.0,8.922742110990207,0.059094397544128936,0.09363008442056792,grown,rural,0.0,0.0,0.0,0.0,0.0,0.0,0.0
chicopee,55778,11408,0.20452508157338017,52445.87804878049,62467.644993719136,10322.948992724901,7.352941176470588,14.611280487804878,0.14442948624654345,0.19636879639062726,grown,urban,1.6235188611659443,1.6215131033701735,0.8997290530223183,1.4377923725114639,2.872045255227379,1.7928215425436553,3.0440543734619854
chilmark,446,96,0.21524663677130046,79375.0,176154.166666667,96779.166666667,0.0,1.1940298507462686,0.18181818181818182,0.03636363636363636,shrunk,rural,0.0,0.0,15.974440894568689,0.0,0.0,0.0,0.0
clarksburg,1722,494,0.2868757259001161,60558.0,72516.15109427611,11958.151094276102,0.0,7.096774193548387,0.0954043048283886,0.13263525305410123,grown,rural,5.855780491885561,5.845999665942876,0.0,0.0,0.0,5.807200929152149,0.0
clinton,13855,2080,0.15012630819198844,70263.3,77832.41529677517,7569.11529677518,0.0,7.5829383886255926,0.05968639352554375,0.12717681913433052,grown,rural,2.1934405682055567,1.4585004531769266,3.636817057711091,5.803890679573414,4.341713529606352,1.443522194153735,4.31947672624802
cohasset,7429,1327,0.1786243101359537,157385.6,201613.461970223,44227.861970223,0.0,1.9242096995876694,0.037308370641703975,0.042463709130375796,shrunk,rural,0.0,0.0,2.6747162890222,0.0,1.3431575715711108,0.0,0.0
colrain,1146,230,0.2006980802792321,54828.0,68594.22310756969,13766.223107569691,10.256410256410257,6.25,0.12041884816753927,0.0924956369982548,shrunk,rural,0.0,0.0,0.0,0.0,0.0,0.0,0.0
concord,19357,4384,0.22648137624631917,144727.08333333334,196529.49627055108,46835.05803459359,0.0,5.400359066427289,0.0625,0.03521369485294118,grown,rural,0.0,0.0,0.5366781157998037,1.5894520931570302,1.0462596218518796,1.5498269359921475,2.040994839198764
conway,1800,448,0.24888888888888888,100398.0,125280.24691358,24882.246913580006,0.0,0.8233532934131736,0.022573363431151242,0.06489841986455983,shrunk,rural,0.0,0.0,0.0,0.0,0.0,0.0,0.0
cummington,860,253,0.2941860465116279,52500.0,63629.767441860495,11129.767441860495,0.0,2.39880059970015,0.052570093457943924,0.26401869158878505,shrunk,rural,0.0,0.0,0.0,0.0,0.0,0.0,0.0
dalton,6657,1528,0.2295328225927595,58240.42857142857,76390.73019988547,18150.3016284569,0.0,4.582683307332293,0.10349564951915738,0.08594107769806136,shrunk,rural,1.4863889242791015,0.0,0.0,0.0,1.4989935329136153,0.0,0.0
danvers,27527,6258,0.22734042939659244,79914.5,99928.11176055811,20013.611760558102,1.179245283018868,5.837853978997661,0.06287158145065398,0.10474881093935791,grown,rural,1.4931820242215454,2.2274904138358975,1.107670884607067,2.570545742599189,1.0957188698442515,1.0898390670977587,1.4453627086097158
dartmouth,34341,7495,0.21825223493782941,80627.11111111111,104840.41480678407,25178.929779430677,1.9895928986838078,15.518234590331014,0.08235664555854878,0.10163383829549033,grown,rural,0.5861615628742013,0.5854042006932858,0.8769731896767727,0.8758429988864282,2.041003340580978,0.873591333973967,1.1632931166284441
dedham,25377,5921,0.23332151160499665,98110.0,118015.1259464848,19905.125946484786,4.32152117545376,6.417805629085409,0.05013961892247043,0.09555683311432325,grown,rural,0.8027568965418379,1.1996778008192086,0.7968354250263241,0.7939073283317172,1.582001344701143,0.0,2.3557522421713304
deerfield,5049,1066,0.21113091701326994,77957.25,91878.37927498162,13921.129274981626,0.0,3.422854133754608,0.08292781832927819,0.09549878345498783,shrunk,rural,0.0,0.0,0.0,0.0,0.0,0.0,0.0
dennis,13804,6539,0.4737032744132136,57724.9375,80706.95671227128,24222.601386700913,1.8041237113402062,3.643051055258779,0.10918277680140598,0.14411247803163443,shrunk,rural,1.419259349370964,2.1376221498371337,2.861902961047456,2.1553051296262087,2.885675711885892,1.4488554042306578,1.4549233567160302
dighton,7438,1335,0.17948373218607153,93969.4,100704.46307995747,6735.06307995746,0.0,5.746043707611153,0.03879544221378188,0.09224091155724362,grown,rural,0.0,1.3818153105136404,0.0,0.0,2.7071972773330244,1.3444474321054047,1.33541913083292
douglas,8722,1012,0.1160284338454483,96363.25,106461.69671202298,10098.446712022997,9.981515711645102,3.092962641181581,0.041489483967360075,0.06240661992874382,grown,rural,1.1705881369253666,0.0,0.0,2.3120623596247856,2.302517967863428,1.1465260261407935,1.1418318244841366
dover,5922,1156,0.19520432286389733,203026.75,316351.85877350374,113325.10877350374,2.977667493796526,1.6830657690315898,0.007598784194528876,0.010638297872340425,grown,rural,0.0,0.0,0.0,0.0,0.0,0.0,0.0
dracut,31113,5550,0.17838202680551538,92849.8125,97360.42608425539,10173.547157548363,4.62962962962963,8.669877732493516,0.07154592017524079,0.11609702670489322,grown,rural,1.0023340063290234,1.9889471366264615,0.9867354562241863,2.2846059520978748,1.2954866171605708,0.9642271719217047,2.2328853891828095
dudley,11637,1538,0.13216464724585375,72832.85714285714,90800.5837828491,17967.726639991954,2.1739130434782608,8.296055307035381,0.07750472589792061,0.16162570888468808,grown,rural,0.8725568408456321,2.609635769407612,0.8672167298495999,0.8645711109738776,0.8619415849874402,0.8593280054996992,2.570190683670722
dunstable,3337,569,0.17051243632004795,139333.5,166618.936385033,27285.436385032997,0.0,3.6986919260261613,0.020976925382079712,0.032364399160922985,grown,rural,3.1015995391909255,3.0800369604435254,0.0,0.0,0.0,0.0,0.0
duxbury,14637,3099,0.21172371387579422,126754.55555555556,164756.5710882459,38002.01553269033,2.1828103683492497,1.0546795003071883,0.042472637158394715,0.06098988091140635,shrunk,rural,1.33882890722872,0.0,0.0,0.0,1.3607954821589991,0.0,0.0
east bridgewater,14860,2705,0.18203230148048452,91721.6,104749.52226688885,13027.92226688884,0.0,4.2623278099421045,0.0656260604004072,0.08693586698337293,grown,rural,0.0,2.8068487108544846,0.0,0.0,0.6799153019795249,0.6729475100942126,1.9983632453419105
east brookfield,956,166,0.17364016736401675,87917.0,113365.489130435,25448.489130435002,0.0,8.05084745762712,0.02510460251046025,0.100418410041841,shrunk,rural,0.0,0.0,0.0,0.0,0.0,0.0,0.0
east longmeadow,16156,3613,0.22363208715028474,82912.44444444444,98052.2911793245,15139.846734880062,0.0,5.677767150682549,0.045006674718708284,0.12529400546691247,grown,rural,1.8933929601846506,3.143298487624385,0.0,0.62377472821244,0.6213606021871892,1.2379301807378065,0.0
eastham,4908,2242,0.45680521597392015,63265.333333333336,78360.21336767358,15094.880034340254,15.97938144329897,3.8499751614505713,0.06591375770020534,0.11478439425051334,shrunk,rural,0.0,4.052332985990506,4.057971014492754,2.0318123766399627,0.0,2.037489812550937,0.0
easthampton,16051,3197,0.19917762133200423,64142.63636363636,76639.38825261303,13737.994976876547,0.0,5.088566827697263,0.10663581212083308,0.10488460816811558,shrunk,rural,1.868876093515,3.737818715792284,1.2459617489743064,0.622991963403672,1.2460061054299167,1.2460282848420658,2.4921009300876684
easton,24001,3963,0.16511812007833007,109638.72727272728,128540.60581047097,18901.878537743665,0.553877139979859,4.006462035541196,0.04744856340070697,0.06272092812471676,grown,rural,0.42797226739707267,0.8513174136976972,1.6934801016088061,1.6844232955741778,1.256597134958532,1.2499479188367153,1.6578249336870026
edgartown,4292,746,0.17381174277726003,97503.5,196054.97580698578,98551.47580698578,0.0,3.2467532467532467,0.05105882352941177,0.124,grown,rural,0.0,0.0,0.0,0.0,0.0,0.0,2.3125970464832006
erving,1498,350,0.2336448598130841,67596.0,71068.6567164179,3472.6567164178996,0.0,5.125899280575539,0.0938137321549966,0.08225696804894629,shrunk,rural,0.0,5.9859757140413885,0.0,0.0,0.0,0.0,0.0
essex,3687,749,0.20314618931380526,111547.66666666667,131712.14141911632,20164.474752449663,0.0,1.760428626100268,0.062040816326530614,0.07020408163265306,grown,rural,2.811922551618864,0.0,0.0,0.0,0.0,0.0,0.0
everett,45212,5667,0.12534282933734406,57043.96,70511.3952050871,13609.600713086407,9.876543209876543,20.107625672660454,0.1391298545308955,0.2032786155967792,grown,rural,2.108723084492852,1.1577749550121732,8.010488835994233,9.7286954498148,8.94743064942369,7.520127399805362,6.124444972174396
fairhaven,16027,4022,0.25095151931116244,61017.92857142857,77926.4110411773,17404.047353133035,0.0,10.76845298281092,0.0914263793875072,0.12492807365257975,grown,rural,0.6282590940503864,2.5095677269590313,0.626527159952384,3.1283238440843397,3.1240237425804436,2.495788357147314,1.8692753442582093
fall river,85548,15767,0.18430588675363538,42534.76,52921.97816363314,11210.530642214291,3.033645890788748,27.451178962647898,0.2043867683267714,0.23609805997311795,shrunk,urban,2.5025147022738756,3.20223764524435,5.634376596475147,4.971475950278634,9.881340873045527,7.481180156169636,7.8753776067248005
falmouth,30702,10759,0.3504331965344277,71471.2,93642.8770682666,22171.677068266614,3.9180765805877114,6.174856520464162,0.06321381142098273,0.14282868525896414,shrunk,rural,1.2781944590270202,1.9245749896897768,4.507798952166733,5.494708457233623,5.840282187602842,6.839945280437757,2.9427563818109626
fitchburg,40666,6653,0.16360104264004327,54337.4,63333.75207768864,9801.585353160453,3.745583038869258,17.597162245527453,0.1794997421351212,0.17496132026817948,grown,rural,0.9896720650921456,1.482684364740354,1.974486809722937,2.465083848066318,2.708273247184451,3.934490729356219,2.701659590891548
florida,816,152,0.18627450980392157,58125.0,65415.0887573965,7290.088757396501,0.0,9.106239460370995,0.12990196078431374,0.12009803921568628,grown,rural,0.0,0.0,0.0,0.0,0.0,0.0,0.0
foxborough,17448,3193,0.18300091701054563,107066.72727272728,126019.55188899943,18952.824616272173,0.0,5.384986336601832,0.04877628403998621,0.0649775939331265,grown,rural,0.0,0.5842876698607726,0.5814581308613056,0.5786558650905183,2.8794024005989156,0.5731315910132966,1.7112264604502971
framingham,71232,11768,0.16520664869721474,87307.09302325582,101024.97182394903,12669.713437854913,1.1884129735082942,10.334132243056535,0.1152448495149899,0.15070480321190985,grown,urban,0.8676717886847334,0.4312398350610307,1.8575901951898621,2.414792327859804,2.8242319097859636,1.9654088050314467,3.4892670146628975
franklin,32843,4386,0.13354443869317661,123984.23529411765,141481.81914252765,17497.583848410024,0.0,3.899919442733261,0.0434235368156073,0.05490874764002517,grown,rural,0.31269403781811034,0.6220314659060111,0.3093553476491203,0.30771259643492976,1.5304359993528442,0.3044788843893676,1.2115495285774245
freetown,8273,1599,0.19327934243926023,89442.2,104000.07019652899,14557.870196528975,0.0,11.083540115798181,0.0506548060291574,0.10649864096861873,shrunk,rural,1.149500788229112,0.0,0.0,3.552998900262245,0.0,3.6262540795358396,1.2213420804689954
gardner,20496,3514,0.17144808743169399,52498.769230769234,64262.28197533568,11763.512744566453,10.116279069767442,12.272350993377483,0.1665202336038038,0.1702930383999173,grown,rural,0.49249992964286726,1.966292134831461,2.453248100485042,3.4281076845581238,4.888131616435294,4.391100702576113,11.200779184638932
georgetown,8569,1521,0.17750029174932896,111417.6,120730.72919333876,16519.325537057004,2.237136465324385,2.3781998348472335,0.03410816493400304,0.05011096834481953,grown,rural,0.0,1.197830216122795,0.0,1.182212764520106,1.1745557662298438,1.1669973159061733,1.159535523198993
gill,2537,683,0.26921560898699254,59096.0,68083.74721906155,8987.747219061548,25.714285714285715,3.3983008495752123,0.07385466034755134,0.16350710900473933,grown,rural,0.0,0.0,4.778809393773894,0.0,0.0,0.0,0.0
gloucester,29858,7011,0.23481144081988076,69165.40909090909,88672.66177444228,20269.930491462364,2.8404952658412235,9.090509086109034,0.08465590599040994,0.1535422435334639,grown,rural,0.3437084174191426,1.7095687002393394,1.0204131215409211,3.722180327551869,3.0297638226962973,5.693616451202358,5.331429251457813
goshen,1096,208,0.1897810218978102,79519.0,87147.32142857139,7628.321428571391,0.0,4.034229828850855,0.023722627737226276,0.09215328467153285,grown,rural,0.0,0.0,9.27643784786642,0.0,0.0,0.0,0.0
gosnold,34,15,0.4411764705882353,,130011.111111111,,,0.0,0.058823529411764705,0.0,shrunk,rural,0.0,0.0,0.0,0.0,0.0,0.0,0.0
grafton,18517,2868,0.15488470054544473,97829.4,119230.12450701997,21400.724507019964,0.11547344110854503,4.122442701122904,0.057493750679273994,0.06368872948592544,grown,rural,0.0,1.6586236582919338,0.5496101693584479,1.0927682160558871,0.0,0.0,1.0738584501154398
granby,6318,996,0.157644824311491,91346.75,101605.51874046682,10258.768740466829,0.0,7.369087837837838,0.05463258785942492,0.0853035143769968,grown,rural,0.0,3.1880493692216607,1.591198399709038,0.0,1.5855757905227867,0.0,0.0
granville,1660,302,0.1819277108433735,86000.0,93351.4802631579,7351.480263157893,0.0,4.056291390728477,0.08394160583941605,0.06569343065693431,grown,rural,0.0,0.0,0.0,0.0,0.0,0.0,0.0
great barrington,6915,1521,0.21995661605206074,60402.57142857143,78518.03711829834,18115.465689726916,13.516896120150188,10.983783783783784,0.05176789037387921,0.17205210624259853,shrunk,rural,0.0,0.0,2.858776443682104,1.4349261013057828,1.4405070584845865,0.0,0.0
greenfield,17474,3795,0.21717981000343367,55142.875,66082.49615047923,12562.302497722014,2.02275600505689,7.492884068005231,0.13156801044944488,0.2159947752775634,grown,rural,2.2908007985077066,2.2904634916479885,2.2901262841065235,5.724472939598633,2.861815208503679,2.2891152569531874,6.294140727177609
groton,11282,1986,0.17603261833008332,126234.0,146792.82837465982,20558.8283746598,1.390644753476612,1.6835882277342245,0.04313270226826219,0.05652795141989641,grown,rural,0.0,0.9158707313881983,0.0,0.900877712285398,0.0,0.8863676653075696,0.0
groveland,6697,1246,0.1860534567716888,88044.66666666667,107540.31631587511,19495.64964920846,5.032822757111598,3.3140569395017794,0.024189935792145737,0.10527101687322682,grown,rural,0.0,1.5241579027587258,0.0,0.0,1.5008254539997,1.4932059130954158,0.0
hadley,5301,1460,0.27541973212601395,59029.25,95609.56794337295,36580.31794337295,3.6496350364963503,3.7037037037037037,0.054221533694810226,0.16498838109992253,grown,rural,0.0,0.0,1.8942469015532826,0.0,3.778065630397237,0.0,1.883847354540072
halifax,7739,1432,0.18503682646336736,75419.4,89423.55635276136,14004.156352761358,0.0,4.833394361039912,0.046239771398882974,0.10533835563060137,grown,rural,1.319062335117208,5.254367693144927,0.0,0.0,0.0,1.292156609381057,2.5738132882303195
hamilton,7991,1294,0.16193217369540733,106141.42857142857,128648.96137196808,22507.532800539517,0.0,1.5627977892128835,0.10173824130879346,0.057387525562372185,grown,rural,0.0,1.2720565519998546,0.0,0.0,1.2565069107880096,0.0,1.2463499750730005
hampden,5193,1378,0.2653572116310418,78133.5,104080.36937571107,25946.869375711074,0.0,6.480271753331591,0.04047946551385341,0.07702888583218707,grown,rural,0.0,0.0,0.0,0.0,0.0,0.0,1.9228128004395
hancock,639,150,0.2347417840375587,71875.0,81009.2,9134.199999999997,0.0,2.676864244741874,0.0297339593114241,0.06885758998435054,shrunk,rural,0.0,0.0,0.0,0.0,15.381234893430017,0.0,0.0
hanover,14328,2744,0.19151312116136238,112872.85714285714,133937.48882754496,23323.83798142153,6.545454545454546,3.583545377438507,0.03893081317441286,0.08181112913463573,grown,rural,0.7139141875146607,0.7106598984771574,0.7074351433566787,0.0,0.7010726411409457,0.6979341150195422,0.0
hanson,10560,1885,0.17850378787878787,99075.0,108669.20816992948,9594.208169929478,3.0,5.879172861197459,0.03437143942271174,0.06560957083175085,grown,rural,0.9699993071433521,0.9653042087263501,0.0,3.824196235898276,0.0,0.0,1.8849887573884827
hardwick,3024,765,0.25297619047619047,51364.5,66923.56302027474,15559.063020274749,0.6451612903225806,6.666666666666667,0.11980775832475112,0.18022657054582905,grown,rural,0.0,0.0,0.0,6.635071090047394,3.312198353364247,0.0,0.0
harvard,6542,1216,0.18587587893610516,127100.0,159227.27768032046,32127.2776803205,3.7800687285223367,2.1867974657674227,0.052275635167245475,0.052092853226101264,grown,rural,0.0,1.5315275893755742,0.0,0.0,0.0,0.0,1.5278505325650427
harwich,12143,4561,0.3756073457959318,69358.0,86593.95046827523,17235.950468275234,0.0,3.7383177570093458,0.0668402048870602,0.13242085817448987,shrunk,rural,1.637407749616964,1.6393250664512125,0.0,2.4647598032886937,0.8225520264156708,0.823519723297373,0.8244896997679649
hatfield,3305,1052,0.3183055975794251,65251.333333333336,82340.07666685172,17088.7433335184,0.0,2.6345083487940633,0.04357034795763994,0.0962178517397882,grown,rural,0.0,6.078763405844296,6.071908747885675,3.032534765844994,0.0,3.02571860816944,0.0
haverhill,62943,9035,0.14354257026198305,71798.56410256411,85567.05108108264,13687.510044311668,4.817158931082981,10.711898780853172,0.12575121163166397,0.1564135702746365,grown,urban,1.7895282385231976,1.2952618857625275,4.834153988522337,4.009411807832329,5.906001089987846,3.812973642819694,3.7951950120294127
hawley,976,267,0.2735655737704918,59167.0,71880.1507537688,12713.150753768801,0.0,9.433962264150944,0.11819116135662898,0.15724563206577596,grown,rural,0.0,0.0,0.0,0.0,0.0,0.0,0.0
heath,1255,330,0.26294820717131473,52708.0,74171.4579055441,21463.4579055441,0.0,9.851088201603666,0.15951417004048582,0.2242914979757085,grown,rural,0.0,0.0,0.0,0.0,0.0,0.0,0.0
hingham,23047,5578,0.2420271618865796,140785.91666666666,208382.657234833,67596.74056816632,1.1754068716094033,1.4503625906476618,0.05705125389784356,0.05612894725284378,grown,rural,0.8924075242702975,0.4436866558069075,0.0,0.0,0.4363028939347665,0.0,0.0
hinsdale,1970,413,0.20964467005076143,61979.0,76834.9304029304,14855.9304029304,0.0,5.252525252525253,0.07802141764405915,0.049464558898521166,shrunk,rural,0.0,0.0,5.008586147681739,0.0,0.0,0.0,0.0
holbrook,11029,2140,0.19403391059932903,73617.0,88366.34945074013,12137.455480750888,1.7366136034732271,4.56643186786495,0.06669695592912313,0.07542026351658337,grown,rural,0.9208951100469657,3.6720829890755535,1.8303285439736432,2.736976553234194,0.9095043201455206,4.533502584096473,3.615655789568833
holden,18558,3495,0.18832848367280958,101361.84615384616,119425.81618146645,18063.970027620257,1.286764705882353,3.028169014084507,0.04677568316401369,0.06807192915738577,grown,rural,0.5652180934386254,0.0,1.1087352498614083,0.549097127437599,1.0878518035028828,0.0,0.5338702542747754
holland,2510,457,0.18207171314741036,78362.0,89840.3772933383,11478.377293338293,0.0,5.672149744753262,0.04110135674381484,0.12769353551476456,grown,rural,0.0,0.0,0.0,0.0,0.0,0.0,0.0
holliston,14480,2302,0.1589779005524862,120640.54545454546,145596.90139288077,24956.355938335313,0.0,3.373518387194813,0.01449375866851595,0.06484049930651872,grown,rural,0.0,0.7170074159052731,0.0,0.7035600136691661,0.6970237087635794,0.0,0.6843087992335741
holyoke,40362,6570,0.1627768693325405,43044.77142857143,54372.23230075448,10574.31304238179,9.903270382312298,21.00093023255814,0.28610743043522574,0.21503924166751606,grown,rural,1.2494466736159702,1.9956807766049196,3.486452641165756,3.2318783961359516,3.226355423822558,3.964124671720926,7.172739350425417
hopedale,5955,1038,0.1743073047858942,97991.66666666667,101931.1332725262,3939.4666058595344,3.837953091684435,6.57705232837254,0.042401628222523746,0.05495251017639077,grown,rural,0.0,0.0,0.0,0.0,3.362071035758027,0.0,1.677490474250521
hopkinton,16720,2034,0.12165071770334929,154326.0,172252.30754504498,17926.307545044994,0.30895983522142123,3.042541733979537,0.01502494140272853,0.041649137568363484,grown,rural,0.6477582936195807,0.0,0.6269311719134835,1.851035698545615,0.607401622630049,1.7942583732057416,1.7671561408675893
hubbardston,4581,648,0.14145383104125736,86577.0,100209.36739893,13632.36739893,0.0,4.017715912685859,0.02379393145601397,0.11875136433093211,grown,rural,0.0,0.0,2.224340641881157,0.0,0.0,0.0,2.1694663112874233
hudson,19843,4264,0.21488686186564532,89813.75,103992.45396647388,14178.703966473879,8.867521367521368,9.715265866209263,0.05930491008284502,0.08501717518690645,grown,rural,1.0370293553381087,0.5155360470168875,0.0,2.038721139353871,1.013604013871895,1.0079121100640023,1.5034256627601463
hull,7702,2299,0.298493897688912,74927.16666666667,93830.8557983202,18903.68913165355,2.8753993610223643,4.552493031898421,0.041937159179433914,0.13230329784471564,shrunk,rural,1.0468228925211982,0.0,1.134760970706956,4.738053336943279,3.7164852667905492,7.790184367696702,4.091732751398008
huntington,1977,375,0.18968133535660092,67639.0,69768.11280276816,2129.1128027681516,5.681818181818182,5.829903978052126,0.08042488619119878,0.14011127971674253,shrunk,rural,0.0,0.0,0.0,0.0,0.0,0.0,5.13347022587269
ipswich,11242,2731,0.24292830457214018,78064.85714285714,108553.08617595512,30488.229033097967,0.0,3.1740150673088796,0.07023201648302428,0.10077936038699274,shrunk,rural,2.3766679115879534,0.8099414528035545,2.4854129927923023,2.5436046511627906,1.736391035261141,3.5580857498665717,3.6476856737145167
kingston,13210,2557,0.19356548069644208,98433.55555555556,101512.57167575863,3079.01612020309,4.854368932038835,4.954703053349737,0.06564956079519187,0.05994760363692402,grown,rural,0.0,0.0,0.7715454054471106,0.7666360012266177,0.0,3.785011355034065,1.5045512675844428
lakeville,12147,2059,0.16950687412529844,98286.85714285714,113849.48593262098,15562.628789763856,2.095808383233533,5.915853091585309,0.039332835449340305,0.0744336569579288,grown,rural,0.0,0.8877728316148589,0.0,0.0,0.8384840208902304,0.8232485387338437,0.8085568415459606
lancaster,7978,1380,0.17297568312860365,104127.75,119210.97012657573,15083.220126575725,5.5369127516778525,12.689460697920339,0.05296514259846084,0.022785574166289423,shrunk,rural,2.4897298643097225,0.0,1.2482836100362003,1.25,1.2517211165352358,3.7603409375783405,0.0
lanesborough,3004,637,0.21205059920106525,78287.66666666667,84107.5009977259,5819.834331059236,0.0,3.2497678737233056,0.0492676431424767,0.05426098535286285,shrunk,rural,0.0,0.0,0.0,3.3015753230827283,3.3151787828557895,0.0,3.3427247982426818
lawrence,79497,9018,0.11343824295256424,41461.58490566038,51743.21006609063,10056.700057231908,6.1725968154118345,32.336132373269514,0.24203748565599897,0.2839857197500956,grown,urban,0.7765137858929632,1.1580903641366989,3.454458719218305,5.470350156931805,7.590009379083019,6.28954551744091,7.755553530295801
lee,5796,1686,0.2908902691511387,75584.5,81195.74143944781,5611.241439447804,0.0,10.865954922894424,0.08017777777777778,0.10737777777777778,shrunk,rural,0.0,0.0,0.0,1.7129153819801302,0.0,3.450655624568668,1.7316017316017316
leicester,11277,2280,0.20218143123171056,76786.25,92572.66143805902,15786.41143805901,0.0,10.135713412397603,0.056124803840118156,0.11261884981076341,grown,rural,0.0,1.8015467565724286,0.0,0.8937120970315992,0.8902228100518873,1.7735213265939522,1.7666506826842996
lenox,4994,1974,0.395274329195034,73080.25,110833.09772057025,24414.468204920875,0.0,3.690506490201069,0.038338658146964855,0.10394036208732695,shrunk,rural,0.0,1.9953252380137965,0.0,0.0,0.0,2.002402883460152,2.004180147164085
leominster,41446,8124,0.1960140906239444,61588.28,76865.29848417762,16114.216009130318,4.719626168224299,13.65707726023585,0.13429998781527963,0.16334836115511148,grown,rural,0.9766749102679926,1.4615100878993923,4.860081718802615,5.3333702744261435,7.255515055193739,6.7557786034840515,5.776987644811544
leverett,1997,627,0.313970956434652,87174.0,116107.701711491,28933.701711490998,5.47945205479452,2.7906976744186047,0.06009013520280421,0.0756134201301953,grown,rural,0.0,0.0,0.0,0.0,0.0,5.00751126690035,0.0
lexington,33339,6789,0.20363538198506254,161038.77272727274,210971.44125244682,49932.6685251741,0.6060606060606061,2.069778612287673,0.03634598464852401,0.045781377992172564,grown,rural,0.0,0.3102933158387007,0.9229227645492181,1.2201339532775848,0.0,0.0,0.2974698068146083
leyden,1793,443,0.24707194645844952,65588.0,81706.330749354,16118.330749354005,0.0,5.201465201465202,0.1146067415730337,0.11292134831460675,grown,rural,0.0,0.0,0.0,0.0,0.0,0.0,0.0
lincoln,6696,1290,0.19265232974910393,148426.0,213715.05702346665,65289.05702346666,0.0,1.4071923162832254,0.02740751834656283,0.07488392990864161,grown,rural,0.0,0.0,0.0,0.0,0.0,0.0,0.0
littleton,9754,1712,0.17551773631330736,122943.16666666667,138535.13646295425,15591.969796287585,0.0,2.568149210903874,0.03844155844155844,0.07044155844155844,grown,rural,0.0,0.0,0.0,0.0,0.0,1.0252204223908141,0.0
longmeadow,15876,3607,0.22719828672209624,119052.125,161068.55826624163,42016.43326624161,3.2227488151658767,3.619413216342199,0.036244800950683304,0.05268369974252327,grown,rural,0.632499638571635,1.2639485753493915,0.0,0.0,1.8912103746397693,0.0,1.2587211393224484
lowell,110964,13040,0.11751559064201002,53483.81081081081,65187.727190457575,12366.643274566648,3.8735841141099145,20.155498172684812,0.2244289220313385,0.19127808193316972,grown,urban,0.7421907615804952,2.2135320593226595,4.859754811615731,6.107900158623078,7.069764069283688,5.317039760643091,6.451670713895286
ludlow,21331,4079,0.19122404012938915,65449.818181818184,81658.65858677113,16208.840404952934,2.1717670286278383,16.334384858044164,0.058051979596793785,0.11110031576390576,grown,rural,0.4724079985422838,0.9433644418988578,0.47095867001271585,0.0,1.4085546217360099,2.8128076508368105,1.4042595874151593
lunenburg,11150,2082,0.18672645739910315,99216.66666666667,113492.99393410578,14276.327267439112,0.33557046979865773,6.430211788721612,0.08323446198777038,0.06498129049922424,grown,rural,0.9624639076034648,1.8971732119142477,0.935103796521414,0.0,0.0,0.0,0.8847991505928154
lynn,91817,12037,0.13109772700044653,58308.16176470588,71631.29519947423,13497.952498547796,5.299589011464417,20.89165370658372,0.18389229369264673,0.18481323524574886,grown,urban,2.313943952184788,2.7482579970381633,4.606309390447391,4.595595418785356,4.912426255124909,7.079299040482699,5.215714824582782
lynnfield,12732,3002,0.2357838517122212,121269.11111111111,151298.3445936766,30029.233482565483,0.0,3.5917901938426455,0.01795416961965509,0.03732577368296716,grown,rural,0.0,0.0,1.633300667319987,1.6119375489338186,0.0,2.35626767200754,1.5510746731664082
malden,61212,8687,0.14191661765666863,66458.85416666667,78240.49060063821,11823.536899374483,4.079441760601181,13.479951784211604,0.1587470526591564,0.16274233691380666,grown,urban,1.5011651901237626,1.993185204870965,0.8270360445937835,1.9766566265060241,1.312329807228125,1.4702999411880024,2.11506905351822
manchester,5327,1459,0.27388774169326074,113122.2,164876.5349338172,51754.3349338172,0.0,2.642174131857071,0.03698835899361622,0.061396920766053326,grown,rural,0.0,0.0,0.0,0.0,0.0,0.0,0.0
mansfield,23678,2603,0.1099332713911648,116948.35714285714,133365.61446226618,16417.25731940903,2.3592085235920854,2.5514660012476607,0.027069389138354657,0.06261120054223503,grown,rural,0.0,1.7097148439885204,0.4261432815467784,0.4248655603976742,2.5415728705250165,1.6893318692457133,0.8421559191530318
marblehead,20393,5386,0.2641102339037905,118758.9,165125.03276142658,46366.13276142663,0.0,2.3562164731445643,0.04586703491812981,0.0566679818504636,grown,rural,1.0012444037589574,0.9970728789054989,0.0,0.0,0.9847642896332456,1.4710930221154317,0.4883630071998661
marion,5065,1602,0.3162882527147088,75592.0,131487.2134905387,55895.21349053871,19.248826291079812,5.217391304347826,0.0555893690403733,0.12517752079529315,grown,rural,0.0,0.0,2.0010863039935964,0.0,1.9831713743377624,1.9743336623889436,1.9655743689102294
marlborough,39771,6257,0.1573256895728043,78251.6,96155.64135300074,18449.5276460029,1.0416666666666667,8.41288782816229,0.06495522084266232,0.13461734174638715,grown,rural,0.5146358767373556,0.5122407238693201,2.2944049296928775,1.776308396138523,1.5155615696887685,0.75431847325941,5.506509480850577
marshfield,26606,5148,0.19349019018266556,101455.82352941176,126077.5184322551,24892.620356841566,8.180300500834724,4.371434839842036,0.062159214830970554,0.0815252134020231,grown,rural,1.565365177333512,1.5525711687533963,0.7699923000769993,0.0,0.7577069622445445,2.2551304217093886,1.8645187410769462
mashpee,14054,4923,0.3502917318912765,77576.75,95487.17513039685,17910.425130396863,0.0,3.767186067827681,0.06100891060649612,0.11835297499281403,grown,rural,0.0,3.5646629865764976,0.7125842376366636,1.4244724364583548,2.8475541543781144,0.7115411982353779,0.0
mattapoisett,6245,1518,0.2430744595676541,87293.16666666667,127198.57445116533,39905.40778449867,0.0,2.561817776787703,0.04611689351481185,0.07141713370696558,grown,rural,0.0,0.0,0.0,0.0,3.2172813972193492,1.601281024819856,6.37595354662416
maynard,10560,1946,0.18428030303030302,94304.5,112975.78180588188,14913.859196809382,7.163323782234957,3.8653526174324844,0.08090831027573704,0.062112393855548134,grown,rural,1.9539427773900906,0.0,0.9647454450232918,0.9587465074234373,0.0,0.946969696969697,0.9411891252319359
medfield,12610,1841,0.14599524187153054,169301.7142857143,216104.518189149,46802.80390343471,1.4341590612777053,1.0567366964398037,0.021796197597645374,0.06936600111367433,grown,rural,0.0,0.0,0.0,0.0,0.7983212444687742,0.0,0.787791482848654
medford,57700,9640,0.16707105719237436,90832.72549019608,107221.1768391583,17283.593960314945,0.0,7.745121657431944,0.10340654576981433,0.11296149122173253,grown,urban,1.7664946437358837,1.5837422572600754,2.454178238450963,2.444829186271037,2.609519028364229,2.4263431542461005,1.0359448186726588
medway,13162,1831,0.13911259686977662,114977.25,134802.8961876275,19825.64618762751,1.7262638717632552,4.548595117457393,0.052784800429020146,0.043208457825787173,grown,rural,0.0,0.7735319468694056,0.0,0.7665856276146045,0.7631590423444247,0.0,1.5127939142461961
melrose,28132,5262,0.18704677946822124,105212.25925925926,128222.23911978712,23009.979860527867,1.0214504596527068,5.60458958517211,0.03898292927843925,0.0806197102280878,grown,rural,0.3661490017209003,1.4558462626346658,4.341601327289549,6.114290999147082,7.50861958881369,6.7538745912128535,6.714696096893569
mendon,5995,982,0.16380316930775646,119551.0,140772.41228762866,21221.412287628667,0.5154639175257731,2.815146985550573,0.005353856449723942,0.03446545089509787,grown,rural,0.0,3.3864686388814977,0.0,1.6805512208004225,0.0,0.0,1.6618788727713016
merrimac,6752,1605,0.23770734597156398,95907.5,105801.36702747225,12018.4779339479,0.0,4.800498753117207,0.0536563614744352,0.10686682520808562,grown,rural,0.0,1.5348184529029996,0.0,1.5074511155138255,0.0,1.481042654028436,0.0
methuen,49575,8315,0.16772566817952597,79581.14705882352,90551.0930649226,10919.802763809972,3.08867485885088,11.834495031884918,0.09425637897733048,0.14522720341567552,grown,rural,0.0,1.2435417252661032,4.116860012056518,2.4533785066518687,2.8430106903004018,2.8240040342914776,2.204124862242196
middleborough,24213,5181,0.2139759633254863,80831.85714285714,92297.737465395,11465.88032253786,1.9494584837545126,4.802927927927928,0.07860059781922284,0.09990317012587883,grown,rural,1.707254612636123,2.1198887966905504,1.2635379061371843,2.5105052690723686,1.247075311471905,2.0650064015198444,1.6413815743194127
middlefield,1717,374,0.21782178217821782,75156.0,91585.8227848101,16429.822784810094,0.0,4.232804232804233,0.0701344243132671,0.11513734658094682,grown,rural,11.591323066732903,0.0,0.0,0.0,0.0,0.0,0.0
middleton,9656,1998,0.20691797845898924,116976.25,151994.57026466698,35018.320264667,3.278688524590164,7.551080840983121,0.03640921570968127,0.03819983287573117,grown,rural,0.0,0.0,0.0,1.056539982491623,0.0,1.035625517812759,1.0254757474985716
milford,28630,4457,0.15567586447782047,78176.63157894737,87465.08411304899,9288.45253410162,5.2631578947368425,8.12770671769564,0.07894181383240695,0.11865897417856891,grown,rural,1.4194823958835012,0.7074780429135967,4.936604925522752,3.1634764095044887,7.007743556630077,4.889975550122249,5.571002929750647
millbury,13521,2982,0.22054581761704015,81051.66666666667,93107.16533376314,15376.305871124334,0.17699115044247787,8.2640277923992,0.05978994748687172,0.10172543135783946,grown,rural,0.7498901946500691,1.4956146442039593,0.0,0.743676097187842,2.2248826639261763,1.4791805339841728,2.2126924252162645
millis,8144,1500,0.18418467583497053,103077.4,123735.74321475202,20658.343214752,0.0,2.522306108442004,0.04404145077720207,0.06402664692820133,grown,rural,0.0,1.2500892920922921,2.488933136589095,0.0,3.700114527354418,1.2278978388998034,1.222472538027628
millville,3237,348,0.10750695088044486,88113.0,107415.88750250306,19302.88750250305,0.0,10.058637798827244,0.043867778807537845,0.09236947791164658,grown,rural,0.0,0.0,3.1086242117417178,0.0,0.0,0.0,0.0
milton,27527,4936,0.17931485450648454,133542.54545454544,158838.58808442406,30041.962395263454,0.05592841163310962,4.360531744212698,0.041215589236003713,0.05343334364367461,grown,rural,0.3682873061888051,0.0,0.3662677836089935,2.191597831361765,2.185621731324643,0.7265593780651723,1.8114723129396058
monson,8803,1884,0.21401794842667274,68176.57142857143,78692.45941594263,10515.887987371198,0.0,8.429959260419931,0.05567105567105567,0.07576807576807577,grown,rural,1.1588252822567295,2.308364523734934,0.0,0.0,0.0,1.1359763716914688,1.1315142894090262
montague,7378,1723,0.23353212252642994,51799.71428571428,66277.64005575565,14477.925770041371,0.0,11.046409034762661,0.1583160800552105,0.15431331953071084,shrunk,rural,0.0,0.0,3.8305090928989656,2.6039729186816456,3.9844417038231663,0.0,1.3837547195919901
monterey,729,338,0.46364883401920437,58661.0,95123.0136986301,36462.01369863009,0.0,4.5,0.0995850622406639,0.058091286307053944,shrunk,rural,0.0,0.0,0.0,0.0,0.0,0.0,0.0
montgomery,802,148,0.18453865336658354,74000.0,91171.7391304348,17171.7391304348,9.67741935483871,3.3980582524271843,0.03740648379052369,0.08728179551122195,shrunk,rural,0.0,0.0,0.0,0.0,0.0,0.0,0.0
mount washington,1395,468,0.33548387096774196,62396.0,97734.5697329377,35338.5697329377,0.0,5.077452667814113,0.055197132616487454,0.12043010752688173,grown,rural,0.0,0.0,0.0,0.0,0.0,0.0,0.0
nahant,2914,635,0.21791352093342484,87364.66666666667,135832.81210847432,48468.145441807654,0.0,3.0012505210504377,0.05413901501921062,0.10967516590988474,shrunk,rural,0.0,0.0,0.0,0.0,0.0,3.4317089910775564,0.0
nantucket,10249,1596,0.15572250951312322,86421.7,130623.22824815587,44201.52824815586,3.0588235294117645,6.231333152321477,0.11824557937370345,0.0873258915341302,grown,rural,0.0,0.9799118079372857,1.9577133907595927,0.977803852547179,1.953506544246923,0.9757049468240804,1.949317738791423
natick,35957,6353,0.1766832605612259,109483.30769230769,136271.43156163595,26788.12386932823,1.5239477503628447,3.127092276790989,0.03570525606090401,0.06725285838694273,grown,rural,0.0,0.8753829800537736,1.1529940785518393,0.5695757067824262,0.5628185955263961,1.9467697527602412,0.2748870999410956
needham,30429,6009,0.19747609188602977,147317.69565217392,208813.28485573086,61495.589203557,0.6264236902050114,2.259496793290577,0.029536293737086338,0.028147545981099482,grown,rural,0.0,0.0,0.0,0.3334651314567186,0.6620637472808096,0.32863386900653985,0.0
new ashford,334,81,0.24251497005988024,84583.0,92367.21311475411,7784.213114754108,0.0,7.053941908713693,0.07878787878787878,0.04242424242424243,grown,rural,0.0,0.0,0.0,0.0,0.0,0.0,0.0
new bedford,94459,15759,0.16683428789210134,43135.10843373494,54697.652239031595,11099.691370092043,8.534201954397394,25.953630999395994,0.22792959903371224,0.2165196385048422,shrunk,urban,2.634439195637971,2.847822319995781,4.011751717813987,6.76288684693987,6.6633828226754455,5.928498078531427,6.569785043899485
new braintree,1247,179,0.14354450681635927,84432.0,104876.941176471,20444.941176470995,0.0,8.286674132138858,0.0825242718446602,0.08495145631067962,grown,rural,0.0,0.0,0.0,0.0,0.0,0.0,0.0
new marlborough,1370,448,0.327007299270073,74392.5,101677.18502244726,27284.68502244725,5.128205128205129,6.8755439512619665,0.04538690476190476,0.09672619047619048,shrunk,rural,0.0,0.0,6.99510342760068,0.0,0.0,0.0,0.0
new salem,1019,268,0.26300294406280667,71908.0,86781.5242494226,14873.524249422597,0.0,5.3984575835475574,0.06084396467124632,0.12266928361138371,grown,rural,0.0,0.0,0.0,19.78798586572438,0.0,0.0,0.0
newbury,6964,1535,0.2204192992533027,96529.2,117563.4642204083,21034.264220408302,0.0,3.591645520203006,0.042463768115942026,0.06217391304347826,grown,rural,0.0,1.4719488602910253,2.925565261002215,1.4537298554577172,0.0,1.4359563469270535,0.0
newburyport,17890,3784,0.21151481274455003,94381.35714285714,124334.13572331595,29952.77858045881,1.4018691588785046,3.1372259540857756,0.06963930701505254,0.09690428855438796,grown,rural,0.5697541917629823,1.1351289993027063,2.826957870250711,2.2529408924864422,6.172047837378563,3.912800447177194,3.898046203780309
newton,88479,15985,0.18066433843058805,149031.34426229508,197806.46989359113,48300.74232842089,1.0491803278688525,2.792608514769103,0.0427644987956272,0.07189179173614971,grown,urban,0.5807316555166189,0.11550754841828914,0.5743787683349908,1.1425083280696342,1.704490113957339,1.2432328575142124,0.3372486293252137
norfolk,11671,1542,0.1321223545540228,132350.0,151712.313602285,19362.313602284998,1.5363128491620113,9.226692363285956,0.028459169586917278,0.03536158012105766,grown,rural,0.8807579551316733,0.0,0.8710259441299072,0.8662401465183334,0.0,0.0,0.8521931800197222
north adams,13211,2823,0.21368556505942018,38909.75,50750.53756952176,11840.787569521759,1.7291066282420748,16.223137735218796,0.1783859533426758,0.22298244167834474,shrunk,rural,2.948547840188707,0.7410151908114117,5.214541120381407,4.493372275893058,3.011594639361542,3.7847248505033684,3.0441400304414006
north andover,30170,4474,0.14829300629764666,114866.8947368421,136334.85256374686,21467.95782690474,2.1082894106372785,2.898982377761231,0.05102463258124612,0.06064996895052784,grown,rural,0.6927263730826323,0.3432752380858972,0.6804837267177354,0.33726162829914147,0.33433314865407027,0.3314550878355983,0.32862615488620145
north attleborough,29033,4282,0.14748734199014915,89261.375,102035.1712499474,14967.591688225099,1.0069225928256764,6.101677835441125,0.07319523347651379,0.09075793265899959,grown,rural,1.7358872367650995,1.7331279989304125,0.34607550378705476,2.0731629061795065,1.3799221329653542,1.3777425688010194,1.031677409212388
north brookfield,5927,1019,0.17192508857769528,69356.83333333333,79899.06048946774,10542.2271561344,4.8,8.263673274420826,0.06345436036647438,0.14455378350865286,grown,rural,3.9711805752538716,0.0,1.8544028822719085,0.0,3.4789523383529644,1.6871941960519654,0.0
north reading,15598,2862,0.18348506218745994,133057.44444444444,152656.15758299813,19598.713138553663,2.328042328042328,2.4743566672665107,0.033950816497773185,0.04408442522429484,grown,rural,0.0,0.6581297831932457,1.3075802293869319,0.0,0.6452802359882006,1.923323503013207,0.6369890437884468
northampton,28548,4975,0.17426789967773573,67279.29411764706,89308.5848336992,22029.29071605214,0.871160018340211,5.254618726121317,0.14965932183129457,0.1292584771088178,shrunk,rural,0.3502784713847509,1.0508406725380304,3.853101746906259,1.0508511894634656,4.9039967573572465,2.8022978842650974,4.553756849400756
northborough,14918,2753,0.1845421638289315,112497.75,146846.97689734946,31813.8254246125,0.0,4.207182054491191,0.037044575615713414,0.04756089286925843,grown,rural,0.6957489737702638,0.0,0.0,0.0,0.6752650415288001,0.0,0.0
northbridge,16020,2504,0.15630461922596753,71875.14285714286,91230.46871652857,19355.3258593857,3.0470914127423825,7.52119609809463,0.08513616696360397,0.09671672181216595,grown,rural,1.2661089758082749,0.6312675853113052,1.2589814839794604,0.6277238732356476,0.6259668952936233,1.8726591760299627,1.867446844459463
northfield,3012,422,0.14010624169986718,70086.0,82385.6850515674,12299.685051567401,0.0,5.067264573991031,0.039544235924932974,0.1638739946380697,shrunk,rural,0.0,0.0,0.0,0.0,0.0,0.0,3.3232054690467145
norton,19515,2838,0.14542659492697924,102776.44444444444,111742.50357047656,8966.059126032125,0.0,4.736506925648782,0.0562588702810105,0.06795344876525689,grown,rural,2.086671386518612,2.0791718955364633,1.5537945883554194,0.5160833695820461,0.5142483525686705,1.5372790161414298,2.0424687611697507
norwell,9939,1977,0.198913371566556,125842.33333333333,168226.5355112395,42384.202177906176,0.0,2.965039091311403,0.03182751540041068,0.04815195071868583,shrunk,rural,0.9667440061871617,0.9743739647276625,0.9821253191907288,2.97000297000297,0.998003992015968,1.006137438374082,1.0144045445323595
norwood,29121,5698,0.19566635761134576,89928.57142857143,107364.08239125418,17435.510962682736,3.508771929824561,5.289350206170909,0.08268129104373341,0.07800055889339108,grown,rural,0.695645260668217,0.346927952976394,3.114340797864452,5.86758970262661,4.81979855209317,5.837711617046118,4.110272745955785
oak bluffs,4675,1370,0.293048128342246,70033.0,83237.64563420508,13649.843844786797,3.1914893617021276,3.312063202673959,0.12232084866854298,0.07079454427365231,grown,rural,0.0,2.1784458345003577,0.0,4.317123562243671,2.148755256776253,2.13903743315508,2.129407112219755
oakham,1849,265,0.1433207138994051,85938.0,94425.47864506631,8487.478645066309,0.0,5.904334828101645,0.03791982665222102,0.09588299024918744,shrunk,rural,0.0,0.0,0.0,0.0,0.0,0.0,0.0
orange,7703,1446,0.1877190704920161,46834.857142857145,56074.42170932257,9239.564566465426,0.0,12.401292175161522,0.10257745378807602,0.30486852382192137,shrunk,rural,2.5640556033772275,2.570458092352887,0.0,1.2916797372354363,1.294929426346264,1.2981955082435417,2.6029562145579623
orleans,5029,2175,0.4324915490157089,59369.666666666664,80218.40274875671,20848.736082090032,0.0,1.9560492634629316,0.07803700724054706,0.11202735317779565,shrunk,rural,0.0,1.8112660749864156,0.0,0.0,1.9409937888198756,0.0,6.114961271911945
otis,1577,602,0.38173747622067217,67285.5,83345.32090090885,16059.820900908853,30.0,6.81986656782802,0.09194673430564362,0.12301838934686113,shrunk,rural,0.0,0.0,0.0,0.0,6.321112515802782,0.0,0.0
oxford,13898,2183,0.15707296013814936,70002.125,79482.97169557039,9480.846695570386,0.0,7.063947312513278,0.10912382331643737,0.09138305575669804,grown,rural,2.1797573203516674,0.725163161711385,1.447492219729319,0.722334585379948,2.162785667940307,0.7195279896387969,0.0
palmer,12237,2429,0.19849636348778296,61069.77777777778,70633.35969735074,9563.58191957297,11.242603550295858,7.638202000219804,0.14082644628099172,0.16958677685950413,grown,rural,1.6436940850494284,0.8209121506725615,3.279917533502015,1.6380974667992747,4.090600967719315,4.9031625398381955,5.71388590885769
paxton,4845,839,0.17316821465428275,106773.33333333333,117653.57305196008,10880.239718626734,0.0,3.118246372337141,0.04645308924485126,0.07025171624713959,grown,rural,2.0759193357058128,2.0735211351047127,2.0711284691401857,0.0,0.0,0.0,0.0
peabody,52610,11739,0.2231324843185706,73472.4,85563.4918296147,13626.350243083027,3.1451612903225805,10.190157470101434,0.09825147310032437,0.13114911422045641,grown,urban,0.5809530396292966,2.3151082864340164,1.9220578100073313,2.4893859149997817,2.0986015682277173,2.2809351834252043,1.7044117209418093
pelham,1277,343,0.26859827721221613,92250.0,116789.122137405,24539.122137404993,0.0,2.277432712215321,0.040031397174254316,0.03296703296703297,shrunk,rural,0.0,0.0,0.0,0.0,0.0,0.0,0.0
pembroke,18230,3029,0.16615469007131103,103864.90909090909,112210.48910989102,8345.580018981917,9.327354260089686,4.499437570303712,0.04222100054975261,0.07883452446399121,grown,rural,2.2285009351744995,0.5553880575699391,1.6609850432251585,1.1038920078218633,2.7512046346007217,0.5485463521667581,0.0
pepperell,12049,1842,0.1528757573242593,86537.25,107137.28194911407,20600.031949114073,0.0,5.7057057057057055,0.0560685467099243,0.06696614258381166,grown,rural,0.8580218918156969,0.8522554331283861,0.8465659656294219,1.6819039152320427,1.670823835495459,0.8299443937256205,1.649095942046057
peru,811,115,0.14180024660912455,68636.0,77355.71428571429,8719.71428571429,0.0,8.307210031347962,0.06781750924784218,0.10850801479654747,shrunk,rural,0.0,0.0,0.0,0.0,0.0,12.330456226880395,0.0
petersham,1218,280,0.22988505747126436,65529.0,84122.10953346861,18593.10953346861,6.666666666666667,2.5386313465783665,0.05387205387205387,0.18518518518518517,shrunk,rural,0.0,8.149010477299186,0.0,0.0,0.0,0.0,0.0
phillipston,1640,239,0.14573170731707316,75893.0,80461.4065180103,4568.406518010306,0.0,9.43089430894309,0.05871559633027523,0.14801223241590214,shrunk,rural,5.9880239520958085,0.0,0.0,0.0,0.0,0.0,0.0
pittsfield,43289,9380,0.21668322206565177,52786.13043478261,64225.23729398622,12155.901526224567,4.534461910519951,10.07570977917981,0.15056577086280057,0.20325318246110324,shrunk,rural,1.8049203417745587,3.1734209801985007,3.188370905139459,4.347556052419105,5.0579529741748805,3.2340779412783847,4.874409350907735
plainfield,668,173,0.25898203592814373,56875.0,71790.1060070671,14915.106007067094,6.666666666666667,4.4534412955465585,0.07634730538922156,0.1781437125748503,grown,rural,0.0,0.0,0.0,0.0,0.0,0.0,0.0
plainville,9000,1666,0.18511111111111112,87133.4,101604.90181811003,14471.50181811002,3.133159268929504,3.2763975155279503,0.06188888888888889,0.05722222222222222,grown,rural,2.3600809170600137,1.1655787931264154,3.4544018949861823,2.275386815758679,1.1242451496852113,2.2222222222222223,0.0
plymouth,56192,13033,0.231936930523918,83056.0,102380.56401529034,19324.564015290358,2.386451116243264,4.674930927406538,0.06485768570954234,0.09016620243124089,shrunk,urban,1.0640346165928598,1.0647791343852675,3.374161533543732,3.731949550135061,4.623748793252375,4.093109339407745,2.6712935166434306
plympton,2912,561,0.1926510989010989,89819.0,112292.8477137625,22473.8477137625,0.0,5.122288878634056,0.04361263736263736,0.08379120879120878,grown,rural,0.0,0.0,0.0,3.4653465346534653,6.8992706485314415,3.4340659340659343,0.0
princeton,3438,786,0.2286212914485166,127875.0,159702.49841444648,31827.498414446498,0.0,1.0588235294117647,0.0651541593949971,0.02675974403723095,grown,rural,2.923854475585815,2.9208044730034213,2.917760826976783,2.914723517654897,2.9116925252693315,0.0,2.905649412643726
provincetown,2952,1058,0.3584010840108401,45314.0,67520.14515974741,22206.1451597474,0.0,5.0416982562547386,0.10669384981311587,0.2218824328916072,grown,rural,0.0,0.0,6.784918096345837,3.390815733385003,0.0,3.3875338753387534,0.0
quincy,91519,15971,0.1745102109944383,77644.46376811594,92159.41608152095,14727.909158140828,3.8402457757296466,11.161385451601712,0.1009040633175481,0.1388106986345222,shrunk,urban,2.498475309322106,2.827663247058531,4.246456231168989,4.687473233904914,3.9289974040552873,4.0428763426173795,3.828836924365624
randolph,33704,6021,0.17864348445288394,74754.61111111111,92707.98602285801,17716.012426756344,0.20040080160320642,14.496806778812038,0.11332712582224491,0.12411017330970474,grown,rural,1.228242560359349,1.5246558633908345,1.5141551879282897,1.203038531605541,2.09101461149802,0.8901020650367908,1.1788480970023578
raynham,13845,2693,0.19451065366558323,96406.42857142857,103891.71082929253,7485.282257863956,2.5547445255474455,5.834365964477489,0.06353732543686481,0.06777802149594209,grown,rural,0.7399186089530152,1.4726456078344745,0.7327617791455998,0.729235032450959,0.0,1.4445648248465148,0.7188555819135936
reading,25769,4384,0.17012689665877606,116302.5,136873.2382585106,20570.738258510613,3.188180404354588,2.9151311809031406,0.029480763215514544,0.06470910228339068,grown,rural,0.39937697192379884,0.3970617431010522,0.7895464055899886,0.7850217843545159,1.5610974515084104,1.5522527067406573,0.38587690526721974
rehoboth,11990,1742,0.14528773978315263,103951.0,121107.18972589145,17156.189725891436,0.0,6.112261049555583,0.02284991568296796,0.08912310286677909,grown,rural,0.0,0.0,0.0,0.8416901137484067,0.0,0.0,1.6604990985862034
revere,53864,9223,0.17122753601663449,58958.34210526316,70162.64873277303,12083.165835457838,3.61271676300578,18.13300916780631,0.12952874892727884,0.21799559717920974,grown,urban,2.1009377822282493,2.8485236508849416,2.265854915151826,1.5020250516321112,3.173849612870361,2.227833061042626,1.6615808227198758
richmond,1521,540,0.35502958579881655,95704.0,142779.496501749,47075.496501749,11.764705882352942,5.643879173290938,0.05128205128205128,0.06771860618014464,grown,rural,0.0,6.690241804453789,0.0,0.0,0.0,0.0,0.0
rochester,5462,951,0.17411204686927864,111470.66666666667,135692.81698575898,24222.15031909233,3.134796238244514,7.213465134918515,0.04741852801171732,0.06700842182350787,grown,rural,0.0,0.0,1.8644790112934158,0.0,0.0,0.0,0.0
rockland,17849,3292,0.1844361028629055,77843.72727272728,90569.30031826228,12725.573045535008,4.545454545454546,4.308547602501737,0.06312988336541728,0.10463141207111312,grown,rural,0.5684448161893084,1.7003635539217672,1.1302810363062417,1.690508198964765,5.618744130419079,5.602554764972828,4.469166739822669
rockport,7184,2456,0.3418708240534521,76780.2,103469.94647882496,30812.514652477716,0.0,2.421652421652422,0.062131009277481025,0.12524599381501264,grown,rural,2.849698746132552,0.0,1.41151798677206,2.809890815671163,0.0,1.3919821826280623,4.156769596199525
rowe,1045,310,0.2966507177033493,45938.0,61398.507462686604,15460.507462686604,2.1739130434782608,9.125475285171103,0.1125,0.2375,grown,rural,0.0,0.0,0.0,0.0,0.0,0.0,0.0
rowley,6232,1102,0.17682926829268292,99807.5,127892.216231238,28084.716231237995,0.24937655860349128,2.340523175768701,0.05473444859509501,0.04872502842293325,grown,rural,1.6768876964354158,3.3238366571699904,0.0,0.0,0.0,3.2092426187419765,1.590909090909091
royalston,1307,327,0.2501912777352716,74219.0,82443.1599229287,8224.159922928695,10.638297872340425,9.261083743842365,0.10476935105551212,0.145426114151681,grown,rural,0.0,7.818608287724785,0.0,0.0,0.0,0.0,0.0
russell,1330,294,0.22105263157894736,66985.0,76732.76836158191,9747.768361581911,0.0,4.7720042417815485,0.07067669172932331,0.09849624060150376,shrunk,rural,0.0,0.0,0.0,0.0,0.0,0.0,0.0
rutland,8463,1074,0.12690535271180434,92153.0,103595.02541660571,11442.025416605728,0.0,2.0028612303290414,0.022503849342650716,0.09546369773777093,grown,rural,1.232589670898558,0.0,0.0,0.0,0.0,0.0,1.1719207781553966
salem,41115,6598,0.16047671166241032,66579.86666666667,81220.7050063678,16369.129355836967,2.531063046479521,8.921438082556591,0.15626591951095262,0.13303616912888436,shrunk,rural,1.211366074827813,1.4547721722865903,5.09567387687188,6.313854052835163,7.047876957261397,9.728809436945154,8.762779052785312
salisbury,9021,1941,0.2151646158962421,72594.57142857143,82012.60432121217,9418.032892640744,2.197802197802198,6.9777911164465785,0.09696092619392185,0.15095179784036514,grown,rural,3.531964276704173,1.1628872829969268,3.4464083501550884,7.945387621410387,8.97306478232306,9.976720984369804,6.574313219065509
sandisfield,859,235,0.27357392316647267,68636.0,93702.14723926381,25066.14723926381,0.0,8.562197092084006,0.04130162703379224,0.11514392991239049,shrunk,rural,0.0,0.0,0.0,0.0,0.0,0.0,0.0
sandwich,20398,4855,0.23801353073830767,88429.35714285714,108130.06554209745,19700.708399240295,3.903345724907063,2.8660057994470294,0.056857681994239746,0.08759559042606019,shrunk,rural,0.48553453884623127,0.9729384129984573,0.0,0.9766987581972931,1.9571797040464691,0.49024414158250806,1.964788188816145
saugus,28037,6450,0.23005314405963548,83193.25,97166.11484797337,13972.864847973378,0.0,9.416114472294247,0.08133678681919562,0.09086984675156486,grown,rural,3.3295633515490395,2.2033018051336932,2.5516580569905014,0.723734885572345,2.874005645368232,1.4266861647109177,3.8954206042455026
savoy,764,173,0.22643979057591623,55375.0,68215.8878504673,12840.887850467305,0.0,16.007194244604317,0.08377659574468085,0.22872340425531915,grown,rural,0.0,0.0,0.0,0.0,0.0,0.0,0.0
scituate,18491,4110,0.22227029365637338,110401.23076923077,144489.9338725979,34088.70310336716,0.0,3.11999389732245,0.04240571958740381,0.04775418872455384,grown,rural,0.5483873494872579,0.5468536385297449,0.5453284825066413,2.175247240155064,1.0846071010776348,0.0,0.5393119919873647
seekonk,14957,3309,0.2212342047201979,83507.18181818182,104439.3737176638,20932.19189948197,0.0,7.4415308291991495,0.05503481521156936,0.07244242099625067,grown,rural,0.0,0.0,1.3862209636216012,0.6847372076416672,0.6765638289646639,0.6685832720465333,0.6607887930220704
sharon,18245,3176,0.1740750890654974,132555.63636363635,172544.30534346262,39988.66897982627,0.0,2.199786587868341,0.019871195023944514,0.04348544063411681,grown,rural,1.1240465676435167,1.6775440754735067,0.5563680295034018,0.0,0.5508254512834233,0.5480953685941353,0.5453922149156979
sheffield,3190,897,0.2811912225705329,66398.25,92018.4507265941,25620.200726594103,0.0,8.588235294117647,0.0871473354231975,0.15862068965517243,shrunk,rural,0.0,0.0,0.0,0.0,0.0,0.0,3.144230337330997
shelburne,1935,567,0.2930232558139535,59590.5,100208.54709666764,40618.04709666764,0.0,8.664495114006515,0.08503937007874016,0.12913385826771653,grown,rural,0.0,0.0,5.216484089723526,0.0,0.0,0.0,0.0
sherborn,4302,756,0.17573221757322174,174861.0,223038.85641166402,48177.856411664,0.0,1.2358757062146892,0.04160855416085542,0.037192003719200374,grown,rural,0.0,0.0,2.367664468121089,2.3530993680247416,2.3387123717884464,2.3245002324500232,2.310459781496518
shirley,7572,1146,0.15134706814580032,72700.66666666667,92460.11341036965,19759.44674370297,0.0,12.613556953179595,0.10257672739208928,0.149351715082882,grown,rural,1.3672142034024102,0.0,1.3482020762311973,0.0,0.0,1.3206550449022716,0.0
shrewsbury,36716,6235,0.16981697352652794,110810.52631578948,127975.96623358589,16697.445659413737,1.635620172648796,5.927908202570652,0.04578253976931067,0.06595419012737112,grown,rural,0.0,1.662839496397181,0.2759294881902179,0.27472958759164195,0.8206202325872203,1.9065257653339143,1.3559584689291801
shutesbury,1752,316,0.18036529680365296,76927.0,91552.4899057874,14625.489905787399,3.8461538461538463,1.6470588235294117,0.11308840413318025,0.14006888633754305,shrunk,rural,0.0,0.0,0.0,0.0,0.0,0.0,0.0
somerset,18257,4622,0.25316317029084734,67089.27272727272,81864.54498429019,14775.272257017461,2.096177558569667,12.921673664398437,0.06734512290067846,0.08363919475030586,grown,rural,1.099427512388192,0.5493168852163131,0.5489205868745246,0.5485248599302589,0.5481297031486136,1.0954702305964834,1.0946821903026795
somerville,79983,8558,0.10699773701911656,90211.8125,106057.79684780173,15983.024771811499,1.3747954173486088,9.588972263164948,0.12441014104901162,0.1243584273875551,grown,urban,0.5197350836031006,1.031374029633586,1.7909553101824947,1.904164316686101,2.3935844737353595,1.5003188177487716,0.9927141869493539
south hadley,17737,3448,0.19439589558549925,71282.53846153847,84786.67483027573,13504.136368737269,0.0,6.469391215872477,0.10375319316172137,0.11036876924084627,grown,rural,0.5689021813335067,2.271491964597175,0.0,0.5658257418379637,1.1296152853085462,0.5637932006540001,0.0
southampton,6090,1618,0.2656814449917898,93459.75,117558.75434718421,24099.004347184196,0.0,5.612019443216969,0.045753785385121794,0.11635944700460829,grown,rural,0.0,1.6892707176987307,0.0,0.0,1.653595388831144,0.0,0.0
southborough,10021,1640,0.1636563217243788,140423.42857142858,185661.37657807223,45237.94800664364,0.0,3.1307834669956818,0.04578995249166077,0.04538562620034368,grown,rural,0.0,0.0,1.0088635872306695,0.0,1.0015309115362052,0.0,0.0
southbridge,16858,2692,0.1596867955866651,55629.5625,64384.434201541066,8754.871701541077,4.316546762589928,17.865091593905152,0.18527415770824576,0.21398114227373732,grown,rural,1.193408972730605,1.191996594295445,2.381175109916744,2.378363685784181,8.314456124275665,4.1523312373947086,5.332430487959711
southwick,9711,2372,0.2442590876325816,80521.0,95506.84714533175,14985.847145331738,0.6329113924050633,10.448386646179634,0.07247582406155766,0.1021108453779765,grown,rural,1.045837566485388,0.0,1.0393466963622866,0.0,0.0,2.0595201318092884,3.0798111049188983
spencer,11856,2539,0.2141531713900135,73941.33333333333,76407.07203096134,4080.972363262855,0.0,11.352272727272727,0.12163653340123928,0.13615143026907733,grown,rural,0.0,0.8503401360544217,0.0,5.928184281842818,1.6903313049357673,0.8434547908232118,0.8417508417508418
springfield,154613,21181,0.13699365512602432,40491.55263157895,52701.11507621886,11867.705922414969,8.66503942921517,22.794342871024643,0.2869918535922512,0.244673373898026,grown,urban,1.4331900763685568,1.4311216927381727,2.0136744268915545,4.216144590593828,4.857791620170661,3.6219464081286823,6.975173548960922
sterling,8000,1326,0.16575,98674.5,123784.86936298775,25110.36936298775,0.0,4.597492276939851,0.05972952667167543,0.10005008765339343,grown,rural,1.2718023255813953,1.2673812282734647,0.0,0.0,1.2543004587155964,0.0,1.245728929384966
stockbridge,1980,842,0.42525252525252527,50483.666666666664,94928.58008498831,44444.91341832164,0.0,8.002481389578163,0.09441836202399582,0.20500782472613457,grown,rural,0.0,5.099067599067599,0.0,0.0,0.0,10.1010101010101,5.0385086014539695
stoneham,21967,4553,0.20726544361997543,93259.94117647059,108297.08736824476,15037.146191774165,0.0,5.7300175470442305,0.04313976918849606,0.06379373511632166,grown,rural,0.9264222235456826,0.9231844588490528,1.8399384934846466,2.2919408810220747,2.740816632841509,0.9104565939818818,1.8146585525505672
stoughton,28338,5628,0.19860258310395934,83581.33333333333,91855.35916199959,9466.29148475111,4.371584699453552,9.28679374055477,0.08301792473041492,0.09555095336713561,grown,rural,1.46224789279634,2.5406767533262125,1.0811478701386958,1.431390391280788,2.487435910452307,1.7644152727786013,2.4531645823111816
stow,7061,1302,0.18439314544682056,144591.0,150503.4650182095,5912.465018209499,0.0,0.35401915868388173,0.04407165197611601,0.048052317315894225,grown,rural,0.0,0.0,0.0,0.0,0.0,0.0,0.0
sturbridge,9496,1952,0.2055602358887953,85708.4,112979.72694352425,29706.04204831748,0.0,4.884667571234735,0.040261382799325465,0.09148397976391232,grown,rural,0.0,1.067724222086638,1.0640238341338848,1.0603490063015026,1.056699474669404,3.159224936815501,0.0
sudbury,18697,3365,0.17997539712253302,171719.27272727274,232882.38095606977,61163.10822879709,1.8987341772151898,0.8854636385996556,0.031135135135135134,0.03956756756756757,grown,rural,0.5569302007335567,0.0,0.0,0.0,0.0,0.0,0.0
sunderland,3662,575,0.1570180229382851,57037.333333333336,85704.59210452967,28667.258771196328,12.987012987012987,6.734434561626429,0.1635410921125207,0.2211803640375069,shrunk,rural,0.0,2.721405800482078,0.0,0.0,2.728406610539445,2.7307482250136537,2.7330938622520695
sutton,9702,1551,0.1598639455782313,105500.2,122950.38212126512,12773.721960152357,0.0,3.171806167400881,0.021438878581735724,0.08132343846629561,grown,rural,0.0,0.0,0.0,0.0,0.0,0.0,2.0392408197748093
swampscott,14563,2910,0.19982146535741263,117348.28571428571,147833.27788553905,30484.992171253332,0.0,4.525244541053255,0.061281143729613435,0.05447983898952044,grown,rural,0.0,2.124710381739632,1.4054390491200948,0.6972875514249569,2.0758167350368213,0.6866717022591499,0.6814840776113009
swansea,16341,3429,0.20984027905268957,78941.125,84757.25189444589,8369.152251187661,12.551724137931034,13.224429486127073,0.054846541741891304,0.10882151528357094,grown,rural,2.4998437597650147,2.489265044495613,0.0,0.0,0.0,1.8358729575913346,1.2188433176915108
taunton,56826,10315,0.1815190229824376,60576.86666666667,75337.85701060864,13910.03683870596,5.771753388718846,16.06186645413564,0.13771465140256692,0.1656771074056956,grown,urban,2.493499091653902,2.3097970932091965,4.076713105746394,3.1827987410262755,7.761509966484389,5.455249357688382,6.4955584424704185
templeton,8117,1711,0.21079216459282987,65588.25,84044.06777489332,14104.866633510148,5.115089514066496,9.956076134699854,0.04447506890503633,0.10912052117263844,grown,rural,1.2433613385672926,1.241068737478503,1.2387845753623443,1.2365088057091376,3.702724147051045,0.0,1.2297313915289074
tewksbury,30666,6392,0.20843931389812823,95603.22222222222,106113.97131661391,10510.74909439168,2.9593094944512948,6.154264479289404,0.05386276790164479,0.06825053995680345,grown,rural,0.6791599761323779,0.33679429566690083,0.3340539353939689,1.9881468577812282,3.944458270918542,3.260940455227287,1.6176219109198724
tisbury,4100,654,0.15951219512195122,48170.75,95017.49331420758,32779.514701011976,0.5263157894736842,5.420318078545927,0.06877141458639256,0.2261380323054332,grown,rural,0.0,0.0,0.0,4.929924642580463,2.451924760937336,2.4390243902439024,4.852518110290805
tolland,666,158,0.23723723723723725,90417.0,97181.2274368231,6764.227436823101,0.0,7.142857142857143,0.07207207207207207,0.07807807807807808,grown,rural,0.0,0.0,0.0,0.0,0.0,0.0,14.45385091885195
topsfield,6496,1793,0.27601600985221675,135291.75,148100.051542563,12808.301542563,0.0,2.6599252582985273,0.01396078431372549,0.04768627450980392,grown,rural,1.6122716908123547,1.5971525052477868,0.0,0.0,1.5534497680921415,0.0,0.0
townsend,9418,1327,0.14090040348269273,86956.16666666667,110430.87008418828,23474.703417521614,2.6246719160104988,5.088184797877322,0.040494092373791625,0.08807733619763695,grown,rural,1.1029527621088455,4.377872979142563,0.0,0.0,0.0,4.247186239116585,2.107862326477762
truro,1580,629,0.3981012658227848,59394.666666666664,65502.3850872051,6107.718420538433,0.0,8.302169035153328,0.1120253164556962,0.12531645569620253,shrunk,rural,0.0,0.0,0.0,0.0,6.095967952625621,0.0,0.0
tyngsborough,12232,1279,0.10456180510137345,114153.71428571429,124715.65710733098,10561.942821616682,3.605015673981191,4.365761430044689,0.07063074901445467,0.07186268068331143,grown,rural,1.7300182887647666,0.8550767125965015,0.845369788899087,1.6717615590370656,0.8266024278494166,1.6350555918901244,3.2346009888637313
tyringham,439,190,0.4328018223234624,86250.0,139664.204545455,53414.204545454995,0.0,2.1447721179624666,0.12529002320185614,0.11832946635730858,grown,rural,0.0,0.0,0.0,24.570024570024568,0.0,0.0,0.0
upton,7770,1201,0.15456885456885458,115081.5,132323.81748785626,17242.31748785625,4.611650485436893,3.0881527231892196,0.04834737524303305,0.04303305249513934,grown,rural,1.3145539906103285,1.3089494745502825,0.0,0.0,1.29241903917876,0.0,1.2816287670731261
uxbridge,13815,1879,0.13601158161418747,94147.0,104730.21915873881,10583.2191587388,0.0,5.097113424187144,0.08284714119019837,0.07941948658109685,grown,rural,2.21250592635516,1.4694614423813672,0.0,0.7292502265884633,0.0,0.0,0.0
wakefield,26823,5321,0.19837452932185065,95564.42857142857,112571.17086271747,17006.742291288876,3.4136546184738954,6.64697932829471,0.04406101336555161,0.07415238239069698,grown,rural,0.39258353616816033,2.3307824214609565,1.1532885198365626,0.0,2.6362511432721796,1.864071878611639,1.8454854153924027
wales,2009,402,0.20009955201592833,50625.0,65224.6625766871,14599.6625766871,0.0,7.355021216407355,0.05681246857717446,0.29512317747611866,grown,rural,0.0,0.0,0.0,0.0,0.0,0.0,4.917802444850359
walpole,24960,4663,0.18681891025641026,106298.13333333333,131996.74830142639,25698.614968093058,0.06821282401091405,5.727482678983834,0.028300735981783433,0.06469320538364576,grown,rural,0.4111117636694661,0.8179481187193269,0.4068584713746004,0.8095293165259627,1.610769142265432,1.6025641025641026,1.1958316724560105
waltham,62832,9666,0.15383880825057294,90079.27906976744,100856.60435797575,13092.850784129241,3.933178261788962,9.00620396403095,0.09795156280856718,0.11226010305021454,grown,urban,0.4897113967501819,1.2992315973124466,1.7773715214300223,0.9645770559270963,1.759501307058114,1.7507002801120448,0.4750873255750818
ware,9863,2053,0.20815167798844164,50455.142857142855,61328.53606595168,10873.393208808828,0.0,8.329730508718836,0.1430029600898234,0.1156476472389507,shrunk,rural,3.0396896621602068,4.053447601951445,8.107951583946255,3.040878089749344,10.137581462708184,5.069451485349286,4.056089929308147
wareham,22535,5681,0.25209673840692254,67297.0,75643.76610859802,9855.415655111661,0.15220700152207,8.60494648364274,0.11689830432240364,0.12953717447038188,grown,rural,0.9080295758204696,4.06732389455947,5.398249424829377,5.8214292568401795,7.578073258953589,8.431329043709786,7.9516338714359645
warren,5199,554,0.10655895364493172,68332.0,70051.85813583784,3043.6366593435646,0.0,6.495633187772926,0.11290632814002693,0.20542412002308136,grown,rural,0.0,1.9370728062650469,1.9336482417612773,0.0,0.0,0.0,1.9200702197108923
warwick,1093,258,0.23604757548032937,66375.0,70621.568627451,4246.5686274509935,0.0,9.079754601226995,0.0614115490375802,0.17140238313473877,grown,rural,0.0,0.0,0.0,0.0,0.0,0.0,0.0
washington,499,158,0.3166332665330661,86389.0,91221.12068965519,4832.1206896551885,0.0,3.9603960396039604,0.028169014084507043,0.07243460764587525,shrunk,rural,0.0,0.0,0.0,0.0,0.0,0.0,0.0
watertown,34553,5960,0.1724886406390183,94090.07142857143,112144.78230119408,16621.471965589804,4.386750223813787,5.557000111437168,0.08408548302567985,0.05910440808245502,grown,rural,0.3061032617488991,2.1182868679183295,0.5984005607868113,0.8875927217396816,1.1704070926669816,1.4470523543541807,0.28628803029745326
wayland,13700,3020,0.22043795620437956,168801.1,202156.83521378672,33355.73521378671,2.3545706371191137,1.306981192221868,0.030343007915567283,0.02836411609498681,grown,rural,0.7578218036158926,0.0,0.0,0.0,0.7353404626341996,0.7299270072992702,0.7245926754031841
webster,16926,3342,0.19744771357674584,60968.454545454544,73141.37787753444,12172.923332079894,11.640211640211641,14.941463825486398,0.12032215090226475,0.187901174760809,grown,rural,2.379192264226295,1.7819866605569978,2.9659760179653407,3.554382045292983,2.958004783516307,5.317263381779511,5.310137304978887
wellesley,29004,5264,0.1814922079713143,183940.21739130435,274138.80549638567,90198.58810508126,0.32894736842105265,2.0571286944668197,0.043839973899922516,0.03494963500672893,grown,rural,0.0,0.0,0.0,0.3482864307606576,0.0,0.0,0.0
wellfleet,3171,1384,0.43645537685272784,56675.666666666664,73792.35597017063,17116.689303503965,0.0,5.164131305044036,0.11290834126228988,0.23437995559784333,grown,rural,0.0,3.4124701408862674,0.0,0.0,0.0,3.15357931251971,0.0
wendell,864,204,0.2361111111111111,42750.0,65966.4974619289,23216.4974619289,0.0,7.380607814761215,0.1755813953488372,0.17209302325581396,grown,rural,0.0,0.0,0.0,0.0,0.0,0.0,0.0
wenham,5179,939,0.18130913303726587,99841.0,174014.80962349536,46581.821722692504,0.0,0.9712509712509713,0.016519823788546256,0.0861784140969163,grown,rural,0.0,1.997887947027428,0.0,1.9638097909945296,0.0,1.9308746862328636,3.8296359110430287
west boylston,7892,1340,0.16979219462747086,80042.66666666667,101627.49339546538,21584.826728798715,13.471502590673575,12.59610665794209,0.08253358925143954,0.05719769673704415,grown,rural,1.293206968538122,1.2879010891963496,1.282638570774164,0.0,2.5444830155758713,2.534211860111505,1.262011646564624
west bridgewater,7117,1411,0.19825769284811015,90476.5,100318.48036847271,9841.980368472718,2.6246719160104988,6.43871225754849,0.036095870632399656,0.12301472711521802,grown,rural,4.302044495431638,2.8562684892379884,4.266905071521456,0.0,1.410778346567778,1.405086412814388,2.7988804478208715
west brookfield,3777,842,0.2229282499338099,67787.66666666667,88756.44975607232,20968.783089405668,0.0,7.173601147776184,0.06485587583148558,0.13968957871396895,grown,rural,0.0,2.6784006122058543,0.0,0.0,0.0,0.0,0.0
west newbury,4545,714,0.1570957095709571,139565.66666666666,167077.64572386467,27511.979057197994,0.0,2.4226968441185845,0.056790666960158484,0.010565705480959718,grown,rural,0.0,0.0,0.0,0.0,0.0,0.0,0.0
west springfield,29650,4989,0.16826306913996628,57651.25,68475.05184670852,11832.780569697206,7.2027972027972025,10.582897721668804,0.1192277677874665,0.19855460930343025,grown,rural,0.0,2.4195858064133837,2.061117027280356,2.731280970775294,1.3573059416067592,1.3490725126475547,4.022815108544172
west stockbridge,1095,411,0.37534246575342467,74416.5,97838.0793661872,23421.5793661872,0.0,3.977272727272727,0.0695970695970696,0.1336996336996337,shrunk,rural,0.0,0.0,0.0,0.0,0.0,0.0,9.390931043734907
west tisbury,2417,746,0.3086470831609433,92237.0,116438.37121782344,24201.37121782345,0.0,1.171303074670571,0.03733221476510067,0.13842281879194632,shrunk,rural,0.0,0.0,3.9132379248658316,0.0,4.0598538452615704,0.0,0.0
westborough,18836,2660,0.14121894245062647,109271.41666666667,126078.81709128147,16807.40042461481,0.4921259842519685,3.5620257085333744,0.050938192829719356,0.06943167685070027,grown,rural,0.0,0.0,0.0,1.0709586609956856,0.0,1.0617965597791463,0.5286370227162881
westfield,41667,7330,0.17591859265125878,63738.608695652176,78579.18703103936,11625.652586985614,1.7751479289940828,7.903806097330051,0.08461457732066957,0.16978013328435745,grown,rural,0.9695156576778715,1.693292832533339,1.931367477151233,0.9637791155949786,3.84752796328359,1.919984640122879,3.83244023788504
westford,24087,3622,0.15037156972640844,138210.08333333334,151247.790378704,13037.707045370675,1.5957446808510638,2.5290844714213456,0.022977022977022976,0.04945054945054945,grown,rural,0.0,0.0,0.43156330725457925,0.0,0.42048860776221975,1.2454851164528584,0.0
westhampton,1819,336,0.18471687740516768,86591.0,100600.45045045,14009.450450449993,0.0,2.2154316271963332,0.037486218302094816,0.06835722160970231,grown,rural,0.0,0.0,0.0,0.0,0.0,0.0,0.0
westminster,7566,1419,0.18754956383822363,103587.8,119921.01973716042,16333.219737160418,0.0,6.208425720620842,0.015533722782793415,0.06160382368560807,grown,rural,0.0,0.0,0.0,1.336285888821014,0.0,1.3217023526301876,0.0
weston,12027,2632,0.21884094121559824,198719.54545454544,304709.36446787283,105989.81901332736,1.5695067264573992,1.2649800266311584,0.05098873813957613,0.02944045402145961,grown,rural,0.0,0.8628659476117104,0.0,0.0,0.8390971314865204,0.8314625426124553,0.0
westport,15810,4037,0.25534471853257434,81306.11111111111,95977.38581963812,14671.274708527011,0.0,12.799793690363622,0.045130035696073434,0.12404385517593065,grown,rural,1.281112737920937,1.2778619543985834,1.2746276266433592,0.0,0.6341039205739546,3.1625553447185326,1.8927785989833075
westwood,15597,3477,0.2229274860550106,150912.6,188578.0578798633,37665.457879863294,0.8495145631067961,2.4870466321243523,0.018558951965065504,0.03397123041356281,grown,rural,0.0,0.0,0.0,0.6528571828279908,1.2939001848428835,0.0,0.0
weymouth,54469,10688,0.19622170408856413,82337.19047619047,98209.7873073019,16467.911129727094,0.0427715996578272,6.842025622919399,0.0663198237396086,0.13095480550258282,grown,urban,2.0389087336788,2.219996352863135,4.616135371467007,6.45023707912203,10.484631737164209,10.09748664377903,6.046977950781264
whately,1339,283,0.21135175504107542,73750.0,95713.8103161398,21963.810316139803,0.0,6.26808100289296,0.07554225878833208,0.0800299177262528,shrunk,rural,0.0,0.0,0.0,0.0,0.0,0.0,0.0
whitman,14864,2261,0.1521124865446717,82088.76923076923,96469.77371154306,14381.004480773845,3.6441586280814575,6.452897829117705,0.06858719795382648,0.07417379013259742,grown,rural,2.740450021042741,2.047821507976752,0.6801200897758519,2.032953203353405,0.6751999074011555,0.6727664155005382,0.6703504017314192
wilbraham,14553,3158,0.21699993128564557,108948.0,123682.91941937139,22517.99342152595,0.0,5.640434323051792,0.04032939189189189,0.0620777027027027,grown,rural,0.6985958223969821,0.0,0.0,0.6916791004219243,0.0,0.0,0.0
williamsburg,2481,578,0.23297057638049173,74244.5,95587.60107999564,21343.101079995642,0.0,3.2241014799154333,0.10802095929060862,0.07779121322047561,shrunk,rural,0.0,4.0297046802141505,0.0,0.0,0.0,0.0,4.030864908441783
williamstown,7623,1673,0.2194674012855831,76119.0,102476.42158720829,26357.421587208286,0.0,7.704042715484363,0.11497005988023952,0.08922155688622754,shrunk,rural,0.0,1.2990628189663171,1.30222867135469,0.0,0.0,0.0,1.3150479053165507
wilmington,23538,3911,0.1661568527487467,111282.90909090909,133224.50331482763,21941.594223918542,0.2947678703021371,4.642401409734459,0.029448486674990313,0.08287768545227536,grown,rural,0.8821620531691672,1.3132058481433773,0.43443991385677133,1.7247751632376491,0.8559916357388736,1.699379726399864,0.8434801993023213
winchendon,10738,2013,0.18746507729558576,63314.666666666664,73285.45265266448,12482.988713621919,3.131991051454139,11.502410283877879,0.11197541534620187,0.08297320656871218,grown,rural,1.9184389388292042,0.9534966082763505,0.0,0.0,1.8734610855368805,0.9312721177127957,2.7776308131844876
winchester,22579,4489,0.19881305637982197,166581.06666666668,217934.10722402242,51353.040557355744,0.0,2.180931672926138,0.02289016305321627,0.039956996953950906,grown,rural,0.0,0.0,4.985819552182754,4.047724600528132,4.462919514434358,2.657336463085168,5.274460309686169
windsor,909,184,0.20242024202420242,81875.0,110717.195767196,28842.195767195997,0.0,1.4367816091954022,0.05500550055005501,0.0638063806380638,grown,rural,0.0,0.0,0.0,0.0,0.0,0.0,0.0
winthrop,18462,4114,0.22283609576427257,75567.0,95947.05170488497,20380.051704884965,2.6874115983026874,5.598220053111318,0.08217096336499322,0.1119674355495251,grown,rural,3.938621803888786,1.1166589564024438,0.0,1.0997297806824609,0.545728118251487,4.874878128046799,1.0752770758607977
woburn,39500,7595,0.19227848101265824,84871.42857142857,98642.69194244772,13771.263371019148,3.1738035264483626,5.6761442441054095,0.05982971346997043,0.10828999694096055,grown,rural,1.5578635014836795,1.5499298841242894,1.2850638860331913,0.25571710382114415,2.2899098575167196,2.5316455696202533,2.0152583849143517
worcester,184743,26267,0.14218130050935623,52213.955555555556,65734.4034881688,14222.791135337287,2.574475910261125,15.274429276890078,0.2176949604428087,0.19694554728026198,grown,urban,1.3179457932033223,2.354489056319222,4.69539593809253,6.532872402891574,5.9170083357696726,6.387251479081751,7.232637236978362
wrentham,11597,1814,0.15641976373199964,109280.0,133462.931270446,24182.931270445995,3.359173126614987,3.2510922641994346,0.050581600281988014,0.05833627070849489,grown,rural,0.8977927124882966,0.0,0.8832473218679419,1.7522998936103635,0.8691657250704645,1.7245839441234803,0.855526087434766
yarmouth,23459,7897,0.33662986487062535,66455.38095238095,79616.74779806362,13195.409916163186,0.0,5.042379744101927,0.0686426116838488,0.13389175257731958,shrunk,rural,1.2659525086958883,2.959848745688588,0.8473806857730836,1.2736458415463274,2.5524622144432896,3.4102050385779443,1.7085776701102642
