city_death,2014,2015,2016,2017,2018,tot_pop_13,tot_pop_14,tot_pop_15,tot_pop_16,tot_pop_17,over_65_count,over_65_prop,med_house_inc,mean_house_inc,less_than_hs_ed,at_or_below_pov_prop,pop_struggling_prop,urb_v_rur,town_status
abington,0,6,1,3,5,16109.285714285714,16150.714285714286,16192.142857142857,16233.57142857143,16275,2469,0.15170506912442397,87156.0,98809.03550508946,5.405642963874484,0.03575398295665061,0.10040755835494627,rural,grown
acton,1,2,3,0,1,22580.14285714286,22798.85714285714,23017.571428571428,23236.285714285714,23455,4001,0.17058196546578555,139890.46666666667,156680.2038667132,2.456531155250294,0.03831466941262282,0.04174711460076372,rural,grown
acushnet,0,4,2,4,0,10363.0,10383.0,10403.0,10423.0,10443,2431,0.23278751316671453,69624.71428571429,80333.1758415636,18.297314996725607,0.040828173374613,0.17840557275541796,rural,grown
adams,2,3,1,0,4,8367.57142857143,8328.42857142857,8289.285714285714,8250.142857142857,8211,1764,0.21483375959079284,48445.4,60968.59465971087,11.862182116488926,0.11085394079668656,0.1445973931051285,rural,shrunk
agawam,1,2,0,4,8,27684.428571428572,27705.571428571428,27726.714285714286,27747.85714285714,27769,6195,0.22309049659692462,65490.125,79464.23444558342,7.748863306568637,0.09481894150417827,0.14265552460538533,rural,grown
alford,0,0,0,0,0,458.42857142857144,446.57142857142856,434.7142857142857,422.85714285714283,411,219,0.5328467153284672,105625.0,148519.270833333,1.4534883720930232,0.04866180048661801,0.024330900243309004,rural,shrunk
amesbury,0,6,1,4,6,16683.714285714286,16817.285714285714,16950.85714285714,17084.428571428572,17218,2949,0.17127424788012546,86335.33333333333,96920.17138143258,5.751708428246014,0.04914077212806026,0.09021892655367232,rural,grown
amherst,1,1,3,1,2,38702.28571428572,38996.71428571428,39291.142857142855,39585.57142857143,39880,3465,0.08688565697091274,61203.94736842105,76166.45394901112,4.992163009404389,0.3322599779679688,0.14867384119989832,rural,grown
andover,5,2,3,2,2,34132.71428571428,34443.28571428572,34753.857142857145,35064.42857142857,35375,5881,0.16624734982332157,135314.05,174570.49906727744,2.6285172577239626,0.04442355153367023,0.044012222352802916,rural,grown
aquinnah,0,0,0,0,0,452.0,499.0,546.0,593.0,640,66,0.103125,80250.0,103304.316546763,9.667673716012084,0.2171875,0.05,rural,grown
arlington,5,4,2,1,2,43764.57142857143,44071.42857142857,44378.28571428572,44685.142857142855,44992,8208,0.18243243243243243,117226.48837209302,141678.55759841323,2.9699689749691256,0.05175770323793327,0.0668620913423885,rural,grown
ashburnham,0,1,1,0,0,6136.285714285715,6154.714285714285,6173.142857142857,6191.571428571428,6210,776,0.1249597423510467,86149.8,99282.09876598573,2.8346068523539563,0.047760210803689064,0.06538208168642952,rural,grown
ashby,1,0,0,1,0,3125.8571428571427,3143.1428571428573,3160.4285714285716,3177.714285714286,3195,496,0.15524256651017215,93522.0,103872.60450834001,8.383233532934131,0.07855559075071271,0.06208425720620843,rural,grown
ashfield,0,0,0,0,1,1677.4285714285713,1657.5714285714287,1637.7142857142858,1617.857142857143,1598,340,0.2127659574468085,72415.0,93013.58510023926,2.4271844660194173,0.0769712140175219,0.10763454317897372,rural,shrunk
ashland,0,1,2,2,0,16972.285714285714,17098.714285714286,17225.14285714286,17351.571428571428,17478,2943,0.16838311019567456,105871.77777777778,126114.49357549782,3.7690263348634936,0.03184347925870675,0.0730965631992656,rural,grown
athol,2,2,4,5,10,11625.142857142857,11638.857142857143,11652.57142857143,11666.285714285714,11680,2196,0.18801369863013698,54531.71428571428,61648.84684156779,12.699350265800355,0.1470894874022589,0.16550825369244135,rural,grown
attleboro,15,17,23,40,16,43907.142857142855,44011.857142857145,44116.57142857143,44221.28571428572,44326,6953,0.15686053332130126,75340.53571428571,86561.72830727945,10.879245896310742,0.09160636427968133,0.1302075010843016,rural,grown
auburn,1,0,0,1,1,16344.0,16396.0,16448.0,16500.0,16552,3659,0.2210608989850169,78411.05882352941,93681.00878706726,6.791185385434587,0.04602942964854676,0.09175483400218898,rural,grown
avon,2,0,1,1,2,4404.0,4420.0,4436.0,4452.0,4468,819,0.1833034914950761,73736.25,89870.68927908503,13.286093888396811,0.08482542524619517,0.08034914950760967,rural,grown
ayer,2,1,10,3,2,7678.571428571428,7762.428571428572,7846.285714285715,7930.142857142857,8014,1102,0.1375093586224108,76260.0,88050.46078038828,4.497398892431616,0.13423322084739409,0.0804899387576553,rural,grown
barnstable,19,25,30,23,34,44821.0,44697.0,44573.0,44449.0,44325,11869,0.26777213761985336,70447.84210526316,96581.06305344864,5.257753752302721,0.09114004445855828,0.14578324184548383,rural,shrunk
barre,0,0,0,0,1,5437.857142857143,5451.142857142857,5464.428571428572,5477.714285714285,5491,752,0.13695137497723547,70220.25,88804.5441717447,4.329349269588313,0.057212076034289974,0.11647409616101378,rural,grown
becket,0,1,0,0,0,1810.2857142857142,1820.7142857142858,1831.142857142857,1841.5714285714287,1852,421,0.22732181425485962,76042.0,88111.42338958636,6.639288158795345,0.06924754634678298,0.0916030534351145,rural,grown
bedford,1,1,2,2,1,13656.42857142857,13768.57142857143,13880.714285714286,13992.857142857143,14105,3078,0.21822048918823111,124504.22222222222,151027.7814162325,2.3693803159173754,0.025362582902120838,0.07900298812039938,rural,grown
belchertown,1,0,1,3,6,14759.142857142857,14795.857142857143,14832.57142857143,14869.285714285714,14906,2721,0.18254394203676372,87325.66666666667,105305.02638535477,6.400318028225005,0.0576884150867013,0.09621483030834627,rural,grown
bellingham,2,2,1,1,2,16587.85714285714,16673.14285714286,16758.428571428572,16843.714285714286,16929,2330,0.13763364640557624,96905.77777777778,116765.78432545734,6.006031160998492,0.04181579575280363,0.0587568599379623,rural,grown
belmont,1,1,1,2,1,25258.714285714286,25435.285714285714,25611.85714285714,25788.428571428572,25965,5009,0.19291353745426534,133904.22222222222,169356.88168527174,3.4898582939705474,0.05527012299548498,0.0535575276350615,rural,grown
berkley,1,0,2,2,1,6504.857142857143,6536.142857142857,6567.428571428572,6598.714285714285,6630,847,0.1277526395173454,94247.66666666667,107201.58783799357,6.329386437029063,0.03928085813567004,0.09276325728962079,rural,grown
berlin,0,1,0,0,0,2965.4285714285716,2998.5714285714284,3031.714285714286,3064.8571428571427,3098,614,0.19819238218205293,90776.5,121826.9028195785,6.247269550021843,0.028877352368591822,0.08208955223880597,rural,grown
bernardston,0,0,0,0,0,1042.0,1050.0,1058.0,1066.0,1074,261,0.2430167597765363,70500.0,82633.3333333333,2.406738868832732,0.035381750465549346,0.2206703910614525,rural,uncertain
beverly,12,14,28,17,12,40328.71428571428,40604.28571428572,40879.857142857145,41155.42857142857,41431,7488,0.18073423282083464,87027.46428571429,112923.64809992803,5.6848089272555,0.08261729938030517,0.12794875800656147,rural,grown
billerica,6,7,9,8,8,41335.0,41699.0,42063.0,42427.0,42791,7375,0.1723493257928069,100865.35714285714,111088.3180768316,7.437693435412934,0.042882969748101726,0.07151982644329276,rural,grown
blackstone,0,1,3,1,0,9101.0,9126.0,9151.0,9176.0,9201,1238,0.134550592326921,73267.6,88997.39166895002,5.818931346123355,0.03982542280414621,0.08292416803055101,rural,grown
blandford,0,0,0,0,0,1244.142857142857,1247.857142857143,1251.5714285714287,1255.2857142857142,1259,306,0.24305003971405878,62875.0,78223.8447319778,10.623084780388151,0.07069102462271644,0.1556791104050834,rural,uncertain
bolton,0,0,1,1,0,5012.714285714285,5051.285714285715,5089.857142857143,5128.428571428572,5167,716,0.13857170505128702,149331.5,164037.83714528248,1.2813046010483402,0.013934584865492549,0.03657828527191794,rural,grown
boston,167,226,259,279,245,639004.4285714285,646388.5714285715,653772.7142857143,661156.8571428572,668541,85040,0.12720237053524017,71196.0495049505,92167.94052329108,13.941736093625128,0.2051539801511834,0.15864350438687613,urban,grown
bourne,2,4,6,1,4,19800.0,19808.0,19816.0,19824.0,19832,4614,0.2326542960871319,69166.9375,91659.35790084311,3.6843221837210947,0.06850593787273765,0.11294922989161438,rural,uncertain
boxborough,0,0,0,1,0,5231.714285714285,5310.285714285715,5388.857142857143,5467.428571428572,5546,739,0.13324918860439958,111916.33333333333,138245.35080914994,2.992776057791538,0.05319148936170213,0.06527226830147854,rural,grown
boxford,0,0,0,0,0,8075.428571428572,8113.571428571428,8151.714285714285,8189.857142857143,8228,1698,0.2063684978123481,162762.6,204146.35700396338,2.3788852231290156,0.02771025765678172,0.03986387943607195,rural,grown
boylston,0,1,0,0,0,4427.428571428572,4451.571428571428,4475.714285714285,4499.857142857143,4524,660,0.14588859416445624,91662.75,114604.4399436983,3.4374014506464836,0.040798226164079826,0.08980044345898004,rural,grown
braintree,4,7,7,10,6,36317.42857142857,36508.57142857143,36699.71428571428,36890.857142857145,37082,7407,0.19974650773960412,87660.2,102959.95774705119,5.949796213766046,0.04990413585319091,0.09821966584497398,rural,grown
brewster,0,1,1,1,0,9835.42857142857,9840.57142857143,9845.714285714286,9850.857142857143,9856,3274,0.33218344155844154,71159.11111111111,93807.27444595686,2.887947631882942,0.04801933382368393,0.12262267521277713,rural,uncertain
bridgewater,1,4,2,5,1,26936.285714285714,27060.714285714286,27185.14285714286,27309.571428571428,27434,4382,0.1597288036742728,96327.5,113320.18273497929,7.249760536398467,0.09496371233780515,0.08260391466901254,rural,grown
brimfield,0,0,0,0,2,3658.285714285714,3674.714285714286,3691.1428571428573,3707.5714285714284,3724,839,0.2252953813104189,86875.0,95589.44559944549,6.1745919091554295,0.04223064428803465,0.13806172171088252,rural,grown
brockton,45,88,69,71,51,93774.57142857143,93981.42857142857,94188.28571428571,94395.14285714286,94602,13445,0.14212173104162704,59320.72151898734,69958.24249674237,18.79663723158135,0.16903504043126685,0.19819946091644206,urban,grown
brookfield,0,0,0,2,1,3396.8571428571427,3399.1428571428573,3401.4285714285716,3403.714285714286,3406,791,0.23223722842043454,63971.333333333336,86589.52895936577,12.668463611859838,0.0919302394324564,0.11055276381909548,rural,uncertain
brookline,0,3,2,4,3,58952.28571428572,59025.71428571428,59099.142857142855,59172.57142857143,59246,10353,0.17474597441177464,120886.67567567568,163911.0914964759,2.8807285832562215,0.11366000832292968,0.07064086558468581,urban,grown
buckland,0,0,0,0,0,1912.7142857142858,1916.2857142857142,1919.857142857143,1923.4285714285713,1927,538,0.27919045147898286,53202.0,65936.03454876065,10.0418410041841,0.10764430577223089,0.16796671866874674,rural,uncertain
burlington,9,9,13,16,20,25185.85714285714,25415.14285714286,25644.428571428572,25873.714285714286,26103,6078,0.23284679921848064,109413.13333333333,128491.74066488205,4.841358122781927,0.03990646323698536,0.06378900559687188,rural,grown
cambridge,18,24,41,21,19,107618.14285714286,108436.85714285714,109255.57142857143,110074.28571428571,110893,14462,0.13041400268727513,96468.08641975309,129963.8306557746,5.342999060276547,0.1350795334040297,0.09595970307529163,urban,grown
canton,2,3,4,4,1,22104.428571428572,22285.571428571428,22466.714285714286,22647.85714285714,22829,4471,0.19584738709536118,95860.09090909091,125642.42598347082,2.9595972000491217,0.05990312402790739,0.056747989157001286,rural,grown
carlisle,0,0,0,0,0,4984.0,5028.0,5072.0,5116.0,5160,1212,0.23488372093023255,172634.0,252380.83414558452,2.3783185840707963,0.01608527131782946,0.02248062015503876,rural,grown
carver,3,5,1,3,1,11555.285714285714,11570.714285714286,11586.142857142857,11601.57142857143,11617,2787,0.23990703279676337,79661.375,89054.10151703263,10.390532544378699,0.0457132999827497,0.14455752975677075,rural,grown
charlton,0,0,1,3,0,13151.57142857143,13208.42857142857,13265.285714285714,13322.142857142857,13379,1741,0.13012930712310336,89875.6,103546.55000397234,4.298397574707666,0.04674735249621785,0.06293494704992436,rural,grown
chatham,1,1,0,0,0,5235.714285714285,5218.285714285715,5200.857142857143,5183.428571428572,5166,2217,0.4291521486643438,75654.5,96552.44946992517,3.1280547409579667,0.1011325253328035,0.09735744089012517,rural,shrunk
chelmsford,1,3,3,5,3,34344.142857142855,34524.857142857145,34705.57142857143,34886.28571428572,35067,7918,0.22579633273447972,109074.0,128458.99825579357,4.194027517198249,0.036056660466447274,0.05766204034912004,rural,grown
chelsea,8,11,10,9,13,36932.0,37517.0,38102.0,38687.0,39272,4121,0.1049348136076594,55295.666666666664,65642.5878532573,30.195395627781004,0.19527891471670913,0.2508816639637552,rural,grown
cheshire,0,0,0,0,3,3206.714285714286,3197.285714285714,3187.8571428571427,3178.4285714285716,3169,979,0.3089302619122752,63138.0,75714.10474621,6.530782029950084,0.039760176711896494,0.1167560744714421,rural,uncertain
chester,0,0,0,0,0,1419.2857142857142,1446.7142857142858,1474.142857142857,1501.5714285714287,1529,228,0.14911706998037932,76250.0,83045.2991452991,9.254267744833783,0.0641958967571145,0.14096624751819986,rural,grown
chesterfield,0,0,0,0,0,1256.7142857142858,1268.2857142857142,1279.857142857143,1291.4285714285713,1303,217,0.16653875671527243,74412.0,91023.41269841269,8.922742110990207,0.059094397544128936,0.09363008442056792,rural,grown
chicopee,5,8,16,10,17,55503.71428571428,55572.28571428572,55640.857142857145,55709.42857142857,55778,11408,0.20452508157338017,52445.87804878049,62467.644993719136,14.611280487804878,0.14442948624654345,0.19636879639062726,urban,grown
chilmark,1,0,0,0,0,452.2857142857143,450.7142857142857,449.14285714285717,447.57142857142856,446,96,0.21524663677130046,79375.0,176154.166666667,1.1940298507462686,0.18181818181818182,0.03636363636363636,rural,uncertain
clarksburg,0,0,0,1,0,1710.5714285714287,1713.4285714285713,1716.2857142857142,1719.142857142857,1722,494,0.2868757259001161,60558.0,72516.15109427611,7.096774193548387,0.0954043048283886,0.13263525305410123,rural,uncertain
clinton,5,8,6,2,6,13712.714285714286,13748.285714285714,13783.857142857143,13819.42857142857,13855,2080,0.15012630819198844,70263.3,77832.41529677517,7.5829383886255926,0.05968639352554375,0.12717681913433052,rural,grown
cohasset,2,0,1,0,0,6743.285714285715,6914.714285714286,7086.142857142857,7257.571428571428,7429,1327,0.1786243101359537,157385.6,201613.461970223,1.9242096995876694,0.037308370641703975,0.042463709130375796,rural,grown
colrain,0,0,0,0,0,1174.0,1167.0,1160.0,1153.0,1146,230,0.2006980802792321,54828.0,68594.22310756969,6.25,0.12041884816753927,0.0924956369982548,rural,uncertain
concord,1,3,2,3,4,18391.85714285714,18633.14285714286,18874.428571428572,19115.714285714286,19357,4384,0.22648137624631917,144727.08333333334,196529.49627055108,5.400359066427289,0.0625,0.03521369485294118,rural,grown
conway,0,0,0,0,0,1855.4285714285713,1841.5714285714287,1827.7142857142858,1813.857142857143,1800,448,0.24888888888888888,100398.0,125280.24691358,0.8233532934131736,0.022573363431151242,0.06489841986455983,rural,shrunk
cummington,0,0,0,0,0,866.8571428571429,865.1428571428571,863.4285714285714,861.7142857142857,860,253,0.2941860465116279,52500.0,63629.767441860495,2.39880059970015,0.052570093457943924,0.26401869158878505,rural,uncertain
dalton,0,0,1,0,0,6713.571428571428,6699.428571428572,6685.285714285715,6671.142857142857,6657,1528,0.2295328225927595,58240.42857142857,76390.73019988547,4.582683307332293,0.10349564951915738,0.08594107769806136,rural,shrunk
danvers,3,7,3,3,4,26936.14285714286,27083.85714285714,27231.571428571428,27379.285714285714,27527,6258,0.22734042939659244,79914.5,99928.11176055811,5.837853978997661,0.06287158145065398,0.10474881093935791,rural,grown
dartmouth,3,3,7,3,4,34164.42857142857,34208.57142857143,34252.71428571428,34296.857142857145,34341,7495,0.21825223493782941,80627.11111111111,104840.41480678407,15.518234590331014,0.08235664555854878,0.10163383829549033,rural,grown
dedham,2,2,4,0,6,25006.714285714286,25099.285714285714,25191.85714285714,25284.428571428572,25377,5921,0.23332151160499665,98110.0,118015.1259464848,6.417805629085409,0.05013961892247043,0.09555683311432325,rural,grown
deerfield,0,0,0,0,0,5092.428571428572,5081.571428571428,5070.714285714285,5059.857142857143,5049,1066,0.21113091701326994,77957.25,91878.37927498162,3.422854133754608,0.08292781832927819,0.09549878345498783,rural,shrunk
dennis,4,3,4,2,2,13789.142857142857,13792.857142857143,13796.57142857143,13800.285714285714,13804,6539,0.4737032744132136,57724.9375,80706.95671227128,3.643051055258779,0.10918277680140598,0.14411247803163443,rural,uncertain
dighton,0,0,2,1,1,7236.857142857143,7287.142857142857,7337.428571428572,7387.714285714285,7438,1335,0.17948373218607153,93969.4,100704.46307995747,5.746043707611153,0.03879544221378188,0.09224091155724362,rural,grown
douglas,0,2,2,1,1,8578.57142857143,8614.42857142857,8650.285714285714,8686.142857142857,8722,1012,0.1160284338454483,96363.25,106461.69671202298,3.092962641181581,0.041489483967360075,0.06240661992874382,rural,grown
dover,0,0,0,0,0,5731.714285714285,5779.285714285715,5826.857142857143,5874.428571428572,5922,1156,0.19520432286389733,203026.75,316351.85877350374,1.6830657690315898,0.007598784194528876,0.010638297872340425,rural,grown
dracut,3,7,4,3,7,30166.714285714286,30403.285714285714,30639.85714285714,30876.428571428572,31113,5550,0.17838202680551538,92849.8125,97360.42608425539,8.669877732493516,0.07154592017524079,0.11609702670489322,rural,grown
dudley,1,1,1,1,3,11495.857142857143,11531.142857142857,11566.42857142857,11601.714285714286,11637,1538,0.13216464724585375,72832.85714285714,90800.5837828491,8.296055307035381,0.07750472589792061,0.16162570888468808,rural,grown
dunstable,0,0,0,0,0,3246.714285714286,3269.285714285714,3291.8571428571427,3314.4285714285716,3337,569,0.17051243632004795,139333.5,166618.936385033,3.6986919260261613,0.020976925382079712,0.032364399160922985,rural,grown
duxbury,0,0,2,0,0,14312.42857142857,14393.57142857143,14474.714285714286,14555.857142857143,14637,3099,0.21172371387579422,126754.55555555556,164756.5710882459,1.0546795003071883,0.042472637158394715,0.06098988091140635,rural,grown
east bridgewater,0,0,1,1,3,14625.714285714286,14684.285714285714,14742.857142857143,14801.42857142857,14860,2705,0.18203230148048452,91721.6,104749.52226688885,4.2623278099421045,0.0656260604004072,0.08693586698337293,rural,grown
east brookfield,0,0,0,0,0,901.1428571428571,914.8571428571429,928.5714285714286,942.2857142857143,956,166,0.17364016736401675,87917.0,113365.489130435,8.05084745762712,0.02510460251046025,0.100418410041841,rural,grown
east longmeadow,0,1,1,2,0,15906.857142857143,15969.142857142857,16031.42857142857,16093.714285714286,16156,3613,0.22363208715028474,82912.44444444444,98052.2911793245,5.677767150682549,0.045006674718708284,0.12529400546691247,rural,grown
eastham,2,1,0,1,0,4935.428571428572,4928.571428571428,4921.714285714285,4914.857142857143,4908,2242,0.45680521597392015,63265.333333333336,78360.21336767358,3.8499751614505713,0.06591375770020534,0.11478439425051334,rural,uncertain
easthampton,2,1,2,2,4,16052.142857142857,16051.857142857143,16051.57142857143,16051.285714285714,16051,3197,0.19917762133200423,64142.63636363636,76639.38825261303,5.088566827697263,0.10663581212083308,0.10488460816811558,rural,uncertain
easton,4,4,3,3,4,23493.0,23620.0,23747.0,23874.0,24001,3963,0.16511812007833007,109638.72727272728,128540.60581047097,4.006462035541196,0.04744856340070697,0.06272092812471676,rural,grown
edgartown,0,0,0,0,1,4163.428571428572,4195.571428571428,4227.714285714285,4259.857142857143,4292,746,0.17381174277726003,97503.5,196054.97580698578,3.2467532467532467,0.05105882352941177,0.124,rural,grown
erving,0,0,0,0,0,1561.4285714285713,1545.5714285714287,1529.7142857142858,1513.857142857143,1498,350,0.2336448598130841,67596.0,71068.6567164179,5.125899280575539,0.0938137321549966,0.08225696804894629,rural,shrunk
essex,0,0,0,0,0,3582.4285714285716,3608.5714285714284,3634.714285714286,3660.8571428571427,3687,749,0.20314618931380526,111547.66666666667,131712.14141911632,1.760428626100268,0.062040816326530614,0.07020408163265306,rural,grown
everett,35,43,40,34,28,43186.28571428572,43692.71428571428,44199.142857142855,44705.57142857143,45212,5667,0.12534282933734406,57043.96,70511.3952050871,20.107625672660454,0.1391298545308955,0.2032786155967792,rural,grown
fairhaven,1,5,5,4,3,15939.0,15961.0,15983.0,16005.0,16027,4022,0.25095151931116244,61017.92857142857,77926.4110411773,10.76845298281092,0.0914263793875072,0.12492807365257975,rural,grown
fall river,49,43,85,64,67,85232.57142857143,85311.42857142857,85390.28571428571,85469.14285714286,85548,15767,0.18430588675363538,42534.76,52921.97816363314,27.451178962647898,0.2043867683267714,0.23609805997311795,urban,grown
falmouth,14,17,18,21,9,30884.285714285714,30838.714285714286,30793.14285714286,30747.571428571428,30702,10759,0.3504331965344277,71471.2,93642.8770682666,6.174856520464162,0.06321381142098273,0.14282868525896414,rural,shrunk
fitchburg,8,10,11,16,11,40467.142857142855,40516.857142857145,40566.57142857143,40616.28571428572,40666,6653,0.16360104264004327,54337.4,63333.75207768864,17.597162245527453,0.1794997421351212,0.17496132026817948,rural,grown
florida,0,0,0,0,0,779.4285714285714,788.5714285714286,797.7142857142857,806.8571428571429,816,152,0.18627450980392157,58125.0,65415.0887573965,9.106239460370995,0.12990196078431374,0.12009803921568628,rural,uncertain
foxborough,1,1,5,1,3,17114.85714285714,17198.14285714286,17281.428571428572,17364.714285714286,17448,3193,0.18300091701054563,107066.72727272728,126019.55188899943,5.384986336601832,0.04877628403998621,0.0649775939331265,rural,grown
framingham,13,17,20,14,25,69566.85714285714,69983.14285714286,70399.42857142857,70815.71428571429,71232,11768,0.16520664869721474,87307.09302325582,101024.97182394903,10.334132243056535,0.1152448495149899,0.15070480321190985,urban,grown
franklin,1,1,5,1,4,32152.714285714286,32325.285714285714,32497.85714285714,32670.428571428572,32843,4386,0.13354443869317661,123984.23529411765,141481.81914252765,3.899919442733261,0.0434235368156073,0.05490874764002517,rural,grown
freetown,0,3,0,3,1,8134.142857142857,8168.857142857143,8203.57142857143,8238.285714285714,8273,1599,0.19327934243926023,89442.2,104000.07019652899,11.083540115798181,0.0506548060291574,0.10649864096861873,rural,grown
gardner,5,7,10,9,23,20342.85714285714,20381.14285714286,20419.428571428572,20457.714285714286,20496,3514,0.17144808743169399,52498.769230769234,64262.28197533568,12.272350993377483,0.1665202336038038,0.1702930383999173,rural,grown
georgetown,0,1,1,1,1,8348.42857142857,8403.57142857143,8458.714285714286,8513.857142857143,8569,1521,0.17750029174932896,111417.6,120730.72919333876,2.3781998348472335,0.03410816493400304,0.05011096834481953,rural,grown
gill,1,0,0,0,0,2454.714285714286,2475.285714285714,2495.8571428571427,2516.4285714285716,2537,683,0.26921560898699254,59096.0,68083.74721906155,3.3983008495752123,0.07385466034755134,0.16350710900473933,rural,grown
gloucester,3,11,9,17,16,29247.14285714286,29399.85714285714,29552.571428571428,29705.285714285714,29858,7011,0.23481144081988076,69165.40909090909,88672.66177444228,9.090509086109034,0.08465590599040994,0.1535422435334639,rural,grown
goshen,1,0,0,0,0,1072.0,1078.0,1084.0,1090.0,1096,208,0.1897810218978102,79519.0,87147.32142857139,4.034229828850855,0.023722627737226276,0.09215328467153285,rural,uncertain
gosnold,0,0,0,0,0,57.42857142857143,51.57142857142857,45.714285714285715,39.857142857142854,34,15,0.4411764705882353,,130011.111111111,0.0,0.058823529411764705,0.0,rural,uncertain
grafton,1,2,0,0,2,18087.285714285714,18194.714285714286,18302.14285714286,18409.571428571428,18517,2868,0.15488470054544473,97829.4,119230.12450701997,4.122442701122904,0.057493750679273994,0.06368872948592544,rural,grown
granby,1,0,1,0,0,6273.428571428572,6284.571428571428,6295.714285714285,6306.857142857143,6318,996,0.157644824311491,91346.75,101605.51874046682,7.369087837837838,0.05463258785942492,0.0853035143769968,rural,grown
granville,0,0,0,0,0,1606.2857142857142,1619.7142857142858,1633.142857142857,1646.5714285714287,1660,302,0.1819277108433735,86000.0,93351.4802631579,4.056291390728477,0.08394160583941605,0.06569343065693431,rural,grown
great barrington,2,1,1,0,0,7023.0,6996.0,6969.0,6942.0,6915,1521,0.21995661605206074,60402.57142857143,78518.03711829834,10.983783783783784,0.05176789037387921,0.17205210624259853,rural,shrunk
greenfield,4,10,5,4,11,17463.714285714286,17466.285714285714,17468.85714285714,17471.428571428572,17474,3795,0.21717981000343367,55142.875,66082.49615047923,7.492884068005231,0.13156801044944488,0.2159947752775634,rural,uncertain
groton,0,1,0,1,0,10918.57142857143,11009.42857142857,11100.285714285714,11191.142857142857,11282,1986,0.17603261833008332,126234.0,146792.82837465982,1.6835882277342245,0.04313270226826219,0.05652795141989641,rural,grown
groveland,0,0,1,1,0,6561.0,6595.0,6629.0,6663.0,6697,1246,0.1860534567716888,88044.66666666667,107540.31631587511,3.3140569395017794,0.024189935792145737,0.10527101687322682,rural,grown
hadley,1,0,2,0,1,5271.857142857143,5279.142857142857,5286.428571428572,5293.714285714285,5301,1460,0.27541973212601395,59029.25,95609.56794337295,3.7037037037037037,0.054221533694810226,0.16498838109992253,rural,uncertain
halifax,0,0,0,1,2,7612.714285714285,7644.285714285715,7675.857142857143,7707.428571428572,7739,1432,0.18503682646336736,75419.4,89423.55635276136,4.833394361039912,0.046239771398882974,0.10533835563060137,rural,grown
hamilton,0,0,1,0,1,7861.285714285715,7893.714285714285,7926.142857142857,7958.571428571428,7991,1294,0.16193217369540733,106141.42857142857,128648.96137196808,1.5627977892128835,0.10173824130879346,0.057387525562372185,rural,grown
hampden,0,0,0,0,1,5162.142857142857,5169.857142857143,5177.571428571428,5185.285714285715,5193,1378,0.2653572116310418,78133.5,104080.36937571107,6.480271753331591,0.04047946551385341,0.07702888583218707,rural,uncertain
hancock,0,0,1,0,0,683.5714285714286,672.4285714285714,661.2857142857143,650.1428571428571,639,150,0.2347417840375587,71875.0,81009.2,2.676864244741874,0.0297339593114241,0.06885758998435054,rural,shrunk
hanover,1,0,1,1,0,14071.42857142857,14135.57142857143,14199.714285714286,14263.857142857143,14328,2744,0.19151312116136238,112872.85714285714,133937.48882754496,3.583545377438507,0.03893081317441286,0.08181112913463573,rural,grown
hanson,0,4,0,0,2,10359.42857142857,10409.57142857143,10459.714285714286,10509.857142857143,10560,1885,0.17850378787878787,99075.0,108669.20816992948,5.879172861197459,0.03437143942271174,0.06560957083175085,rural,grown
hardwick,0,2,1,0,0,3004.5714285714284,3009.4285714285716,3014.285714285714,3019.1428571428573,3024,765,0.25297619047619047,51364.5,66923.56302027474,6.666666666666667,0.11980775832475112,0.18022657054582905,rural,uncertain
harvard,0,0,0,0,1,6529.428571428572,6532.571428571428,6535.714285714285,6538.857142857143,6542,1216,0.18587587893610516,127100.0,159227.27768032046,2.1867974657674227,0.052275635167245475,0.052092853226101264,rural,uncertain
harwich,0,3,1,1,1,12200.142857142857,12185.857142857143,12171.57142857143,12157.285714285714,12143,4561,0.3756073457959318,69358.0,86593.95046827523,3.7383177570093458,0.0668402048870602,0.13242085817448987,rural,shrunk
hatfield,2,1,0,1,0,3290.1428571428573,3293.8571428571427,3297.5714285714284,3301.285714285714,3305,1052,0.3183055975794251,65251.333333333336,82340.07666685172,2.6345083487940633,0.04357034795763994,0.0962178517397882,rural,uncertain
haverhill,30,25,37,24,24,61763.57142857143,62058.42857142857,62353.28571428572,62648.142857142855,62943,9035,0.14354257026198305,71798.56410256411,85567.05108108264,10.711898780853172,0.12575121163166397,0.1564135702746365,urban,grown
hawley,0,0,0,0,0,930.8571428571429,942.1428571428571,953.4285714285714,964.7142857142857,976,267,0.2735655737704918,59167.0,71880.1507537688,9.433962264150944,0.11819116135662898,0.15724563206577596,rural,grown
heath,0,0,0,0,0,1213.2857142857142,1223.7142857142858,1234.142857142857,1244.5714285714287,1255,330,0.26294820717131473,52708.0,74171.4579055441,9.851088201603666,0.15951417004048582,0.2242914979757085,rural,grown
hingham,0,0,1,0,0,22538.428571428572,22665.571428571428,22792.714285714286,22919.85714285714,23047,5578,0.2420271618865796,140785.91666666666,208382.657234833,1.4503625906476618,0.05705125389784356,0.05612894725284378,rural,grown
hinsdale,1,0,0,0,0,2005.4285714285713,1996.5714285714287,1987.7142857142858,1978.857142857143,1970,413,0.20964467005076143,61979.0,76834.9304029304,5.252525252525253,0.07802141764405915,0.049464558898521166,rural,uncertain
holbrook,2,3,1,5,4,10893.0,10927.0,10961.0,10995.0,11029,2140,0.19403391059932903,73617.0,88366.34945074013,4.56643186786495,0.06669695592912313,0.07542026351658337,rural,grown
holden,2,1,2,0,1,17865.428571428572,18038.571428571428,18211.714285714286,18384.85714285714,18558,3495,0.18832848367280958,101361.84615384616,119425.81618146645,3.028169014084507,0.04677568316401369,0.06807192915738577,rural,grown
holland,0,0,0,0,0,2493.4285714285716,2497.5714285714284,2501.714285714286,2505.8571428571427,2510,457,0.18207171314741036,78362.0,89840.3772933383,5.672149744753262,0.04110135674381484,0.12769353551476456,rural,uncertain
holliston,0,1,1,0,1,13946.857142857143,14080.142857142857,14213.42857142857,14346.714285714286,14480,2302,0.1589779005524862,120640.54545454546,145596.90139288077,3.373518387194813,0.01449375866851595,0.06484049930651872,rural,grown
holyoke,14,13,13,16,29,40086.57142857143,40155.42857142857,40224.28571428572,40293.142857142855,40362,6570,0.1627768693325405,43044.77142857143,54372.23230075448,21.00093023255814,0.28610743043522574,0.21503924166751606,rural,grown
hopedale,0,0,2,0,1,5929.857142857143,5936.142857142857,5942.428571428572,5948.714285714285,5955,1038,0.1743073047858942,97991.66666666667,101931.1332725262,6.57705232837254,0.042401628222523746,0.05495251017639077,rural,uncertain
hopkinton,1,3,1,3,3,15694.285714285714,15950.714285714286,16207.142857142857,16463.571428571428,16720,2034,0.12165071770334929,154326.0,172252.30754504498,3.042541733979537,0.01502494140272853,0.041649137568363484,rural,grown
hubbardston,1,0,0,0,1,4467.285714285715,4495.714285714285,4524.142857142857,4552.571428571428,4581,648,0.14145383104125736,86577.0,100209.36739893,4.017715912685859,0.02379393145601397,0.11875136433093211,rural,grown
hudson,0,4,2,2,3,19397.285714285714,19508.714285714286,19620.14285714286,19731.571428571428,19843,4264,0.21488686186564532,89813.75,103992.45396647388,9.715265866209263,0.05930491008284502,0.08501717518690645,rural,grown
hull,1,4,3,6,3,7634.571428571428,7651.428571428572,7668.285714285715,7685.142857142857,7702,2299,0.298493897688912,74927.16666666667,93830.8557983202,4.552493031898421,0.041937159179433914,0.13230329784471564,rural,grown
huntington,0,0,0,0,1,2093.0,2064.0,2035.0,2006.0,1977,375,0.18968133535660092,67639.0,69768.11280276816,5.829903978052126,0.08042488619119878,0.14011127971674253,rural,shrunk
ipswich,3,3,2,4,4,11057.42857142857,11103.57142857143,11149.714285714286,11195.857142857143,11242,2731,0.24292830457214018,78064.85714285714,108553.08617595512,3.1740150673088796,0.07023201648302428,0.10077936038699274,rural,grown
kingston,1,1,0,5,2,12878.0,12961.0,13044.0,13127.0,13210,2557,0.19356548069644208,98433.55555555556,101512.57167575863,4.954703053349737,0.06564956079519187,0.05994760363692402,rural,grown
lakeville,0,0,1,1,1,11744.142857142857,11844.857142857143,11945.57142857143,12046.285714285714,12147,2059,0.16950687412529844,98286.85714285714,113849.48593262098,5.915853091585309,0.039332835449340305,0.0744336569579288,rural,grown
lancaster,1,1,1,3,0,8022.0,8011.0,8000.0,7989.0,7978,1380,0.17297568312860365,104127.75,119210.97012657573,12.689460697920339,0.05296514259846084,0.022785574166289423,rural,shrunk
lanesborough,0,1,1,0,1,3053.714285714286,3041.285714285714,3028.8571428571427,3016.4285714285716,3004,637,0.21205059920106525,78287.66666666667,84107.5009977259,3.2497678737233056,0.0492676431424767,0.05426098535286285,rural,shrunk
lawrence,27,43,60,50,62,77714.14285714286,78159.85714285714,78605.57142857143,79051.28571428571,79497,9018,0.11343824295256424,41461.58490566038,51743.21006609063,32.336132373269514,0.24203748565599897,0.2839857197500956,urban,grown
lee,0,1,0,2,1,5880.0,5859.0,5838.0,5817.0,5796,1686,0.2908902691511387,75584.5,81195.74143944781,10.865954922894424,0.08017777777777778,0.10737777777777778,rural,shrunk
leicester,0,1,1,2,2,11101.57142857143,11145.42857142857,11189.285714285714,11233.142857142857,11277,2280,0.20218143123171056,76786.25,92572.66143805902,10.135713412397603,0.056124803840118156,0.11261884981076341,rural,grown
lenox,0,0,0,1,1,5011.714285714285,5007.285714285715,5002.857142857143,4998.428571428572,4994,1974,0.395274329195034,73080.25,110833.09772057025,3.690506490201069,0.038338658146964855,0.10394036208732695,rural,uncertain
leominster,20,22,30,28,24,41053.42857142857,41151.57142857143,41249.71428571428,41347.857142857145,41446,8124,0.1960140906239444,61588.28,76865.29848417762,13.65707726023585,0.13429998781527963,0.16334836115511148,rural,grown
leverett,0,0,0,1,0,1913.5714285714287,1934.4285714285713,1955.2857142857142,1976.142857142857,1997,627,0.313970956434652,87174.0,116107.701711491,2.7906976744186047,0.06009013520280421,0.0756134201301953,rural,grown
lexington,3,4,0,0,1,32227.571428571428,32505.428571428572,32783.28571428572,33061.142857142855,33339,6789,0.20363538198506254,161038.77272727274,210971.44125244682,2.069778612287673,0.03634598464852401,0.045781377992172564,rural,grown
leyden,0,0,0,0,0,1809.5714285714287,1805.4285714285713,1801.2857142857142,1797.142857142857,1793,443,0.24707194645844952,65588.0,81706.330749354,5.201465201465202,0.1146067415730337,0.11292134831460675,rural,uncertain
lincoln,0,0,0,0,0,6505.142857142857,6552.857142857143,6600.571428571428,6648.285714285715,6696,1290,0.19265232974910393,148426.0,213715.05702346665,1.4071923162832254,0.02740751834656283,0.07488392990864161,rural,grown
littleton,0,0,0,1,0,9279.714285714286,9398.285714285714,9516.857142857143,9635.42857142857,9754,1712,0.17551773631330736,122943.16666666667,138535.13646295425,2.568149210903874,0.03844155844155844,0.07044155844155844,rural,grown
longmeadow,0,0,3,0,2,15823.42857142857,15836.57142857143,15849.714285714286,15862.857142857143,15876,3607,0.22719828672209624,119052.125,161068.55826624163,3.619413216342199,0.036244800950683304,0.05268369974252327,rural,grown
lowell,53,67,78,59,72,108424.0,109059.0,109694.0,110329.0,110964,13040,0.11751559064201002,53483.81081081081,65187.727190457575,20.155498172684812,0.2244289220313385,0.19127808193316972,urban,grown
ludlow,1,0,3,6,3,21200.714285714286,21233.285714285714,21265.85714285714,21298.428571428572,21331,4079,0.19122404012938915,65449.818181818184,81658.65858677113,16.334384858044164,0.058051979596793785,0.11110031576390576,rural,grown
lunenburg,1,0,0,0,1,10542.0,10694.0,10846.0,10998.0,11150,2082,0.18672645739910315,99216.66666666667,113492.99393410578,6.430211788721612,0.08323446198777038,0.06498129049922424,rural,grown
lynn,42,42,45,65,48,90293.0,90674.0,91055.0,91436.0,91817,12037,0.13109772700044653,58308.16176470588,71631.29519947423,20.89165370658372,0.18389229369264673,0.18481323524574886,urban,grown
lynnfield,2,2,0,3,2,12082.857142857143,12245.142857142857,12407.42857142857,12569.714285714286,12732,3002,0.2357838517122212,121269.11111111111,151298.3445936766,3.5917901938426455,0.01795416961965509,0.03732577368296716,rural,grown
malden,5,12,8,9,13,60205.142857142855,60456.857142857145,60708.57142857143,60960.28571428572,61212,8687,0.14191661765666863,66458.85416666667,78240.49060063821,13.479951784211604,0.1587470526591564,0.16274233691380666,urban,grown
manchester,0,0,0,0,0,5217.857142857143,5245.142857142857,5272.428571428572,5299.714285714285,5327,1459,0.27388774169326074,113122.2,164876.5349338172,2.642174131857071,0.03698835899361622,0.061396920766053326,rural,grown
mansfield,1,1,6,4,2,23395.714285714286,23466.285714285714,23536.85714285714,23607.428571428572,23678,2603,0.1099332713911648,116948.35714285714,133365.61446226618,2.5514660012476607,0.027069389138354657,0.06261120054223503,rural,grown
marblehead,0,0,2,3,1,20058.714285714286,20142.285714285714,20225.85714285714,20309.428571428572,20393,5386,0.2641102339037905,118758.9,165125.03276142658,2.3562164731445643,0.04586703491812981,0.0566679818504636,rural,grown
marion,1,0,1,1,1,4974.714285714285,4997.285714285715,5019.857142857143,5042.428571428572,5065,1602,0.3162882527147088,75592.0,131487.2134905387,5.217391304347826,0.0555893690403733,0.12517752079529315,rural,grown
marlborough,9,7,6,3,22,39044.142857142855,39225.857142857145,39407.57142857143,39589.28571428572,39771,6257,0.1573256895728043,78251.6,96155.64135300074,8.41288782816229,0.06495522084266232,0.13461734174638715,rural,grown
marshfield,2,0,2,6,5,26315.14285714286,26387.85714285714,26460.571428571428,26533.285714285714,26606,5148,0.19349019018266556,101455.82352941176,126077.5184322551,4.371434839842036,0.062159214830970554,0.0815252134020231,rural,grown
mashpee,1,2,4,1,0,14025.42857142857,14032.57142857143,14039.714285714286,14046.857142857143,14054,4923,0.3502917318912765,77576.75,95487.17513039685,3.767186067827681,0.06100891060649612,0.11835297499281403,rural,uncertain
mattapoisett,0,0,2,1,4,6130.714285714285,6159.285714285715,6187.857142857143,6216.428571428572,6245,1518,0.2430744595676541,87293.16666666667,127198.57445116533,2.561817776787703,0.04611689351481185,0.07141713370696558,rural,grown
maynard,1,1,0,1,1,10300.57142857143,10365.42857142857,10430.285714285714,10495.142857142857,10560,1946,0.18428030303030302,94304.5,112975.78180588188,3.8653526174324844,0.08090831027573704,0.062112393855548134,rural,grown
medfield,0,0,1,0,1,12275.142857142857,12358.857142857143,12442.57142857143,12526.285714285714,12610,1841,0.14599524187153054,169301.7142857143,216104.518189149,1.0567366964398037,0.021796197597645374,0.06936600111367433,rural,grown
medford,14,14,15,14,6,56827.42857142857,57045.57142857143,57263.71428571428,57481.857142857145,57700,9640,0.16707105719237436,90832.72549019608,107221.1768391583,7.745121657431944,0.10340654576981433,0.11296149122173253,urban,grown
medway,0,1,1,0,2,12927.714285714286,12986.285714285714,13044.857142857143,13103.42857142857,13162,1831,0.13911259686977662,114977.25,134802.8961876275,4.548595117457393,0.052784800429020146,0.043208457825787173,rural,grown
melrose,12,17,21,19,19,27475.428571428572,27639.571428571428,27803.714285714286,27967.85714285714,28132,5262,0.18704677946822124,105212.25925925926,128222.23911978712,5.60458958517211,0.03898292927843925,0.0806197102280878,rural,grown
mendon,0,1,0,0,1,5905.857142857143,5928.142857142857,5950.428571428572,5972.714285714285,5995,982,0.16380316930775646,119551.0,140772.41228762866,2.815146985550573,0.005353856449723942,0.03446545089509787,rural,grown
merrimac,0,1,0,1,0,6515.428571428572,6574.571428571428,6633.714285714285,6692.857142857143,6752,1605,0.23770734597156398,95907.5,105801.36702747225,4.800498753117207,0.0536563614744352,0.10686682520808562,rural,grown
methuen,20,12,14,14,11,48249.28571428572,48580.71428571428,48912.142857142855,49243.57142857143,49575,8315,0.16772566817952597,79581.14705882352,90551.0930649226,11.834495031884918,0.09425637897733048,0.14522720341567552,rural,grown
middleborough,3,6,3,5,4,23586.14285714286,23742.85714285714,23899.571428571428,24056.285714285714,24213,5181,0.2139759633254863,80831.85714285714,92297.737465395,4.802927927927928,0.07860059781922284,0.09990317012587883,rural,grown
middlefield,0,0,0,0,0,1694.142857142857,1699.857142857143,1705.5714285714287,1711.2857142857142,1717,374,0.21782178217821782,75156.0,91585.8227848101,4.232804232804233,0.0701344243132671,0.11513734658094682,rural,uncertain
middleton,0,1,0,1,1,9273.714285714286,9369.285714285714,9464.857142857143,9560.42857142857,9656,1998,0.20691797845898924,116976.25,151994.57026466698,7.551080840983121,0.03640921570968127,0.03819983287573117,rural,grown
milford,14,9,20,14,16,28269.428571428572,28359.571428571428,28449.714285714286,28539.85714285714,28630,4457,0.15567586447782047,78176.63157894737,87465.08411304899,8.12770671769564,0.07894181383240695,0.11865897417856891,rural,grown
millbury,0,1,3,2,3,13372.42857142857,13409.57142857143,13446.714285714286,13483.857142857143,13521,2982,0.22054581761704015,81051.66666666667,93107.16533376314,8.2640277923992,0.05978994748687172,0.10172543135783946,rural,grown
millis,2,0,3,1,1,7999.428571428572,8035.571428571428,8071.714285714285,8107.857142857143,8144,1500,0.18418467583497053,103077.4,123735.74321475202,2.522306108442004,0.04404145077720207,0.06402664692820133,rural,grown
millville,1,0,0,0,0,3210.1428571428573,3216.8571428571427,3223.5714285714284,3230.285714285714,3237,348,0.10750695088044486,88113.0,107415.88750250306,10.058637798827244,0.043867778807537845,0.09236947791164658,rural,uncertain
milton,1,6,6,2,5,27227.571428571428,27302.428571428572,27377.285714285714,27452.14285714286,27527,4936,0.17931485450648454,133542.54545454544,158838.58808442406,4.360531744212698,0.041215589236003713,0.05343334364367461,rural,grown
monson,0,0,0,1,1,8664.142857142857,8698.857142857143,8733.57142857143,8768.285714285714,8803,1884,0.21401794842667274,68176.57142857143,78692.45941594263,8.429959260419931,0.05567105567105567,0.07576807576807577,rural,grown
montague,3,2,3,0,1,7472.857142857143,7449.142857142857,7425.428571428572,7401.714285714285,7378,1723,0.23353212252642994,51799.71428571428,66277.64005575565,11.046409034762661,0.1583160800552105,0.15431331953071084,rural,shrunk
monterey,0,0,0,0,0,861.5714285714286,828.4285714285714,795.2857142857143,762.1428571428571,729,338,0.46364883401920437,58661.0,95123.0136986301,4.5,0.0995850622406639,0.058091286307053944,rural,shrunk
montgomery,0,0,0,0,0,822.5714285714286,817.4285714285714,812.2857142857143,807.1428571428571,802,148,0.18453865336658354,74000.0,91171.7391304348,3.3980582524271843,0.03740648379052369,0.08728179551122195,rural,uncertain
mount washington,0,0,0,0,0,1393.2857142857142,1393.7142857142858,1394.142857142857,1394.5714285714287,1395,468,0.33548387096774196,62396.0,97734.5697329377,5.077452667814113,0.055197132616487454,0.12043010752688173,rural,uncertain
nahant,0,0,0,1,0,2838.0,2857.0,2876.0,2895.0,2914,635,0.21791352093342484,87364.66666666667,135832.81210847432,3.0012505210504377,0.05413901501921062,0.10967516590988474,rural,grown
nantucket,2,1,2,1,2,9906.714285714286,9992.285714285714,10077.857142857143,10163.42857142857,10249,1596,0.15572250951312322,86421.7,130623.22824815587,6.231333152321477,0.11824557937370345,0.0873258915341302,rural,grown
natick,4,2,2,7,1,34270.71428571428,34692.28571428572,35113.857142857145,35535.42857142857,35957,6353,0.1766832605612259,109483.30769230769,136271.43156163595,3.127092276790989,0.03570525606090401,0.06725285838694273,rural,grown
needham,0,1,2,1,0,29547.285714285714,29767.714285714286,29988.14285714286,30208.571428571428,30429,6009,0.19747609188602977,147317.69565217392,208813.28485573086,2.259496793290577,0.029536293737086338,0.028147545981099482,rural,grown
new ashford,0,0,0,0,0,273.42857142857144,288.57142857142856,303.7142857142857,318.85714285714283,334,81,0.24251497005988024,84583.0,92367.21311475411,7.053941908713693,0.07878787878787878,0.04242424242424243,rural,grown
new bedford,38,64,63,56,62,94404.71428571429,94418.28571428571,94431.85714285714,94445.42857142857,94459,15759,0.16683428789210134,43135.10843373494,54697.652239031595,25.953630999395994,0.22792959903371224,0.2165196385048422,urban,grown
new braintree,0,0,0,0,0,1105.2857142857142,1140.7142857142858,1176.142857142857,1211.5714285714287,1247,179,0.14354450681635927,84432.0,104876.941176471,8.286674132138858,0.0825242718446602,0.08495145631067962,rural,grown
new marlborough,1,0,0,0,0,1449.4285714285713,1429.5714285714287,1409.7142857142858,1389.857142857143,1370,448,0.327007299270073,74392.5,101677.18502244726,6.8755439512619665,0.04538690476190476,0.09672619047619048,rural,shrunk
new salem,0,2,0,0,0,1002.4285714285714,1006.5714285714286,1010.7142857142857,1014.8571428571429,1019,268,0.26300294406280667,71908.0,86781.5242494226,5.3984575835475574,0.06084396467124632,0.12266928361138371,rural,uncertain
newbury,2,1,0,1,0,6793.714285714285,6836.285714285715,6878.857142857143,6921.428571428572,6964,1535,0.2204192992533027,96529.2,117563.4642204083,3.591645520203006,0.042463768115942026,0.06217391304347826,rural,grown
newburyport,5,4,11,7,7,17619.14285714286,17686.85714285714,17754.571428571428,17822.285714285714,17890,3784,0.21151481274455003,94381.35714285714,124334.13572331595,3.1372259540857756,0.06963930701505254,0.09690428855438796,rural,grown
newton,5,10,15,11,3,86574.42857142857,87050.57142857143,87526.71428571429,88002.85714285714,88479,15985,0.18066433843058805,149031.34426229508,197806.46989359113,2.792608514769103,0.0427644987956272,0.07189179173614971,urban,grown
norfolk,1,1,0,0,1,11417.285714285714,11480.714285714286,11544.142857142857,11607.57142857143,11671,1542,0.1321223545540228,132350.0,151712.313602285,9.226692363285956,0.028459169586917278,0.03536158012105766,rural,grown
north adams,7,6,4,5,4,13495.0,13424.0,13353.0,13282.0,13211,2823,0.21368556505942018,38909.75,50750.53756952176,16.223137735218796,0.1783859533426758,0.22298244167834474,rural,shrunk
north andover,2,1,1,1,1,29131.14285714286,29390.85714285714,29650.571428571428,29910.285714285714,30170,4474,0.14829300629764666,114866.8947368421,136334.85256374686,2.898982377761231,0.05102463258124612,0.06064996895052784,rural,grown
north attleborough,1,6,4,4,3,28849.571428571428,28895.428571428572,28941.285714285714,28987.14285714286,29033,4282,0.14748734199014915,89261.375,102035.1712499474,6.101677835441125,0.07319523347651379,0.09075793265899959,rural,grown
north brookfield,1,0,2,1,0,5970.428571428572,5959.571428571428,5948.714285714285,5937.857142857143,5927,1019,0.17192508857769528,69356.83333333333,79899.06048946774,8.263673274420826,0.06345436036647438,0.14455378350865286,rural,shrunk
north reading,2,0,1,3,1,15194.57142857143,15295.42857142857,15396.285714285714,15497.142857142857,15598,2862,0.18348506218745994,133057.44444444444,152656.15758299813,2.4743566672665107,0.033950816497773185,0.04408442522429484,rural,grown
northampton,11,3,14,8,13,28548.571428571428,28548.428571428572,28548.285714285714,28548.14285714286,28548,4975,0.17426789967773573,67279.29411764706,89308.5848336992,5.254618726121317,0.14965932183129457,0.1292584771088178,rural,uncertain
northborough,0,0,1,0,0,14482.0,14591.0,14700.0,14809.0,14918,2753,0.1845421638289315,112497.75,146846.97689734946,4.207182054491191,0.037044575615713414,0.04756089286925843,rural,grown
northbridge,2,1,1,3,3,15442.285714285714,15586.714285714286,15731.142857142857,15875.57142857143,16020,2504,0.15630461922596753,71875.14285714286,91230.46871652857,7.52119609809463,0.08513616696360397,0.09671672181216595,rural,grown
northfield,0,0,0,0,1,3023.4285714285716,3020.5714285714284,3017.714285714286,3014.8571428571427,3012,422,0.14010624169986718,70086.0,82385.6850515674,5.067264573991031,0.039544235924932974,0.1638739946380697,rural,uncertain
norton,3,1,1,3,4,19238.428571428572,19307.571428571428,19376.714285714286,19445.85714285714,19515,2838,0.14542659492697924,102776.44444444444,111742.50357047656,4.736506925648782,0.0562588702810105,0.06795344876525689,rural,grown
norwell,1,3,1,1,1,9711.57142857143,9768.42857142857,9825.285714285714,9882.142857142857,9939,1977,0.198913371566556,125842.33333333333,168226.5355112395,2.965039091311403,0.03182751540041068,0.04815195071868583,rural,grown
norwood,9,17,14,17,12,28824.428571428572,28898.571428571428,28972.714285714286,29046.85714285714,29121,5698,0.19566635761134576,89928.57142857143,107364.08239125418,5.289350206170909,0.08268129104373341,0.07800055889339108,rural,grown
oak bluffs,0,2,1,1,1,4590.428571428572,4611.571428571428,4632.714285714285,4653.857142857143,4675,1370,0.293048128342246,70033.0,83237.64563420508,3.312063202673959,0.12232084866854298,0.07079454427365231,rural,grown
oakham,0,0,0,0,0,1879.2857142857142,1871.7142857142858,1864.142857142857,1856.5714285714287,1849,265,0.1433207138994051,85938.0,94425.47864506631,5.904334828101645,0.03791982665222102,0.09588299024918744,rural,uncertain
orange,0,1,1,1,2,7780.714285714285,7761.285714285715,7741.857142857143,7722.428571428572,7703,1446,0.1877190704920161,46834.857142857145,56074.42170932257,12.401292175161522,0.10257745378807602,0.30486852382192137,rural,shrunk
orleans,0,0,1,0,3,5053.571428571428,5047.428571428572,5041.285714285715,5035.142857142857,5029,2175,0.4324915490157089,59369.666666666664,80218.40274875671,1.9560492634629316,0.07803700724054706,0.11202735317779565,rural,uncertain
otis,0,0,1,0,0,1597.0,1592.0,1587.0,1582.0,1577,602,0.38173747622067217,67285.5,83345.32090090885,6.81986656782802,0.09194673430564362,0.12301838934686113,rural,uncertain
oxford,2,1,3,1,0,13790.0,13817.0,13844.0,13871.0,13898,2183,0.15707296013814936,70002.125,79482.97169557039,7.063947312513278,0.10912382331643737,0.09138305575669804,rural,grown
palmer,4,2,5,6,7,12181.57142857143,12195.42857142857,12209.285714285714,12223.142857142857,12237,2429,0.19849636348778296,61069.77777777778,70633.35969735074,7.638202000219804,0.14082644628099172,0.16958677685950413,rural,grown
paxton,1,0,0,0,0,4822.714285714285,4828.285714285715,4833.857142857143,4839.428571428572,4845,839,0.17316821465428275,106773.33333333333,117653.57305196008,3.118246372337141,0.04645308924485126,0.07025171624713959,rural,uncertain
peabody,10,13,11,12,9,51833.42857142857,52027.57142857143,52221.71428571428,52415.857142857145,52610,11739,0.2231324843185706,73472.4,85563.4918296147,10.190157470101434,0.09825147310032437,0.13114911422045641,urban,grown
pelham,0,0,0,0,0,1302.142857142857,1295.857142857143,1289.5714285714287,1283.2857142857142,1277,343,0.26859827721221613,92250.0,116789.122137405,2.277432712215321,0.040031397174254316,0.03296703296703297,rural,uncertain
pembroke,3,2,5,1,0,18005.428571428572,18061.571428571428,18117.714285714286,18173.85714285714,18230,3029,0.16615469007131103,103864.90909090909,112210.48910989102,4.499437570303712,0.04222100054975261,0.07883452446399121,rural,grown
pepperell,1,2,2,1,2,11733.57142857143,11812.42857142857,11891.285714285714,11970.142857142857,12049,1842,0.1528757573242593,86537.25,107137.28194911407,5.7057057057057055,0.0560685467099243,0.06696614258381166,rural,grown
peru,0,0,0,1,0,831.5714285714286,826.4285714285714,821.2857142857143,816.1428571428571,811,115,0.14180024660912455,68636.0,77355.71428571429,8.307210031347962,0.06781750924784218,0.10850801479654747,rural,uncertain
petersham,0,0,0,0,0,1227.142857142857,1224.857142857143,1222.5714285714287,1220.2857142857142,1218,280,0.22988505747126436,65529.0,84122.10953346861,2.5386313465783665,0.05387205387205387,0.18518518518518517,rural,uncertain
phillipston,0,0,0,0,0,1664.0,1658.0,1652.0,1646.0,1640,239,0.14573170731707316,75893.0,80461.4065180103,9.43089430894309,0.05871559633027523,0.14801223241590214,rural,uncertain
pittsfield,14,19,22,14,21,44116.42857142857,43909.57142857143,43702.71428571428,43495.857142857145,43289,9380,0.21668322206565177,52786.13043478261,64225.23729398622,10.07570977917981,0.15056577086280057,0.20325318246110324,rural,shrunk
plainfield,0,0,0,0,0,656.5714285714286,659.4285714285714,662.2857142857143,665.1428571428571,668,173,0.25898203592814373,56875.0,71790.1060070671,4.4534412955465585,0.07634730538922156,0.1781437125748503,rural,uncertain
plainville,3,2,1,2,0,8579.42857142857,8684.57142857143,8789.714285714286,8894.857142857143,9000,1666,0.18511111111111112,87133.4,101604.90181811003,3.2763975155279503,0.06188888888888889,0.05722222222222222,rural,grown
plymouth,19,21,26,23,15,55021.142857142855,55313.857142857145,55606.57142857143,55899.28571428572,56192,13033,0.231936930523918,83056.0,102380.56401529034,4.674930927406538,0.06485768570954234,0.09016620243124089,urban,grown
plympton,0,1,2,1,0,2859.4285714285716,2872.5714285714284,2885.714285714286,2898.8571428571427,2912,561,0.1926510989010989,89819.0,112292.8477137625,5.122288878634056,0.04361263736263736,0.08379120879120878,rural,grown
princeton,1,1,1,0,1,3423.714285714286,3427.285714285714,3430.8571428571427,3434.4285714285716,3438,786,0.2286212914485166,127875.0,159702.49841444648,1.0588235294117647,0.0651541593949971,0.02675974403723095,rural,uncertain
provincetown,2,1,0,1,0,2946.285714285714,2947.714285714286,2949.1428571428573,2950.5714285714284,2952,1058,0.3584010840108401,45314.0,67520.14515974741,5.0416982562547386,0.10669384981311587,0.2218824328916072,rural,uncertain
quincy,39,43,36,37,35,90481.28571428571,90740.71428571429,91000.14285714286,91259.57142857143,91519,15971,0.1745102109944383,77644.46376811594,92159.41608152095,11.161385451601712,0.1009040633175481,0.1388106986345222,urban,grown
randolph,5,4,7,3,4,32794.28571428572,33021.71428571428,33249.142857142855,33476.57142857143,33704,6021,0.17864348445288394,74754.61111111111,92707.98602285801,14.496806778812038,0.11332712582224491,0.12411017330970474,rural,grown
raynham,1,1,0,2,1,13581.0,13647.0,13713.0,13779.0,13845,2693,0.19451065366558323,96406.42857142857,103891.71082929253,5.834365964477489,0.06353732543686481,0.06777802149594209,rural,grown
reading,2,2,4,4,1,25185.0,25331.0,25477.0,25623.0,25769,4384,0.17012689665877606,116302.5,136873.2382585106,2.9151311809031406,0.029480763215514544,0.06470910228339068,rural,grown
rehoboth,0,1,0,0,2,11771.714285714286,11826.285714285714,11880.857142857143,11935.42857142857,11990,1742,0.14528773978315263,103951.0,121107.18972589145,6.112261049555583,0.02284991568296796,0.08912310286677909,rural,grown
revere,12,8,17,12,9,52658.857142857145,52960.142857142855,53261.42857142857,53562.71428571428,53864,9223,0.17122753601663449,58958.34210526316,70162.64873277303,18.13300916780631,0.12952874892727884,0.21799559717920974,urban,grown
richmond,0,0,0,0,0,1494.7142857142858,1501.2857142857142,1507.857142857143,1514.4285714285713,1521,540,0.35502958579881655,95704.0,142779.496501749,5.643879173290938,0.05128205128205128,0.06771860618014464,rural,uncertain
rochester,1,0,0,0,0,5330.571428571428,5363.428571428572,5396.285714285715,5429.142857142857,5462,951,0.17411204686927864,111470.66666666667,135692.81698575898,7.213465134918515,0.04741852801171732,0.06700842182350787,rural,grown
rockland,2,3,10,10,8,17643.285714285714,17694.714285714286,17746.14285714286,17797.571428571428,17849,3292,0.1844361028629055,77843.72727272728,90569.30031826228,4.308547602501737,0.06312988336541728,0.10463141207111312,rural,grown
rockport,1,2,0,1,3,7051.428571428572,7084.571428571428,7117.714285714285,7150.857142857143,7184,2456,0.3418708240534521,76780.2,103469.94647882496,2.421652421652422,0.062131009277481025,0.12524599381501264,rural,grown
rowe,0,0,0,0,0,1145.0,1120.0,1095.0,1070.0,1045,310,0.2966507177033493,45938.0,61398.507462686604,9.125475285171103,0.1125,0.2375,rural,shrunk
rowley,0,0,0,2,1,6017.142857142857,6070.857142857143,6124.571428571428,6178.285714285715,6232,1102,0.17682926829268292,99807.5,127892.216231238,2.340523175768701,0.05473444859509501,0.04872502842293325,rural,grown
royalston,0,0,0,0,0,1279.0,1286.0,1293.0,1300.0,1307,327,0.2501912777352716,74219.0,82443.1599229287,9.261083743842365,0.10476935105551212,0.145426114151681,rural,uncertain
russell,0,0,0,0,0,1584.2857142857142,1520.7142857142858,1457.142857142857,1393.5714285714287,1330,294,0.22105263157894736,66985.0,76732.76836158191,4.7720042417815485,0.07067669172932331,0.09849624060150376,rural,shrunk
rutland,0,0,0,0,1,8183.0,8253.0,8323.0,8393.0,8463,1074,0.12690535271180434,92153.0,103595.02541660571,2.0028612303290414,0.022503849342650716,0.09546369773777093,rural,grown
salem,21,26,29,40,36,40347.57142857143,40539.42857142857,40731.28571428572,40923.142857142855,41115,6598,0.16047671166241032,66579.86666666667,81220.7050063678,8.921438082556591,0.15626591951095262,0.13303616912888436,rural,grown
salisbury,3,7,8,9,6,8599.285714285714,8704.714285714286,8810.142857142857,8915.57142857143,9021,1941,0.2151646158962421,72594.57142857143,82012.60432121217,6.9777911164465785,0.09696092619392185,0.15095179784036514,rural,grown
sandisfield,0,0,0,0,0,891.0,883.0,875.0,867.0,859,235,0.27357392316647267,68636.0,93702.14723926381,8.562197092084006,0.04130162703379224,0.11514392991239049,rural,uncertain
sandwich,0,2,4,1,4,20544.85714285714,20508.14285714286,20471.428571428572,20434.714285714286,20398,4855,0.23801353073830767,88429.35714285714,108130.06554209745,2.8660057994470294,0.056857681994239746,0.08759559042606019,rural,shrunk
saugus,7,2,8,4,11,27231.85714285714,27433.14285714286,27634.428571428572,27835.714285714286,28037,6450,0.23005314405963548,83193.25,97166.11484797337,9.416114472294247,0.08133678681919562,0.09086984675156486,rural,grown
savoy,0,0,0,0,0,722.8571428571429,733.1428571428571,743.4285714285714,753.7142857142857,764,173,0.22643979057591623,55375.0,68215.8878504673,16.007194244604317,0.08377659574468085,0.22872340425531915,rural,grown
scituate,1,4,2,0,1,18286.428571428572,18337.571428571428,18388.714285714286,18439.85714285714,18491,4110,0.22227029365637338,110401.23076923077,144489.9338725979,3.11999389732245,0.04240571958740381,0.04775418872455384,rural,grown
seekonk,2,1,1,1,1,14251.285714285714,14427.714285714286,14604.142857142857,14780.57142857143,14957,3309,0.2212342047201979,83507.18181818182,104439.3737176638,7.4415308291991495,0.05503481521156936,0.07244242099625067,rural,grown
sharon,1,0,1,1,1,17883.285714285714,17973.714285714286,18064.14285714286,18154.571428571428,18245,3176,0.1740750890654974,132555.63636363635,172544.30534346262,2.199786587868341,0.019871195023944514,0.04348544063411681,rural,grown
sheffield,0,0,0,0,1,3228.285714285714,3218.714285714286,3209.1428571428573,3199.5714285714284,3190,897,0.2811912225705329,66398.25,92018.4507265941,8.588235294117647,0.0871473354231975,0.15862068965517243,rural,uncertain
shelburne,1,0,0,0,0,1911.0,1917.0,1923.0,1929.0,1935,567,0.2930232558139535,59590.5,100208.54709666764,8.664495114006515,0.08503937007874016,0.12913385826771653,rural,uncertain
sherborn,1,1,1,1,1,4197.428571428572,4223.571428571428,4249.714285714285,4275.857142857143,4302,756,0.17573221757322174,174861.0,223038.85641166402,1.2358757062146892,0.04160855416085542,0.037192003719200374,rural,grown
shirley,1,0,0,1,0,7365.714285714285,7417.285714285715,7468.857142857143,7520.428571428572,7572,1146,0.15134706814580032,72700.66666666667,92460.11341036965,12.613556953179595,0.10257672739208928,0.149351715082882,rural,grown
shrewsbury,1,1,3,7,5,36082.857142857145,36241.142857142855,36399.42857142857,36557.71428571428,36716,6235,0.16981697352652794,110810.52631578948,127975.96623358589,5.927908202570652,0.04578253976931067,0.06595419012737112,rural,grown
shutesbury,0,0,0,0,0,1762.857142857143,1760.142857142857,1757.4285714285713,1754.7142857142858,1752,316,0.18036529680365296,76927.0,91552.4899057874,1.6470588235294117,0.11308840413318025,0.14006888633754305,rural,uncertain
somerset,1,1,1,2,2,18204.428571428572,18217.571428571428,18230.714285714286,18243.85714285714,18257,4622,0.25316317029084734,67089.27272727272,81864.54498429019,12.921673664398437,0.06734512290067846,0.08363919475030586,rural,grown
somerville,14,15,19,12,8,77566.42857142857,78170.57142857143,78774.71428571429,79378.85714285714,79983,8558,0.10699773701911656,90211.8125,106057.79684780173,9.588972263164948,0.12441014104901162,0.1243584273875551,urban,grown
south hadley,0,1,2,1,0,17609.571428571428,17641.428571428572,17673.285714285714,17705.14285714286,17737,3448,0.19439589558549925,71282.53846153847,84786.67483027573,6.469391215872477,0.10375319316172137,0.11036876924084627,rural,grown
southampton,0,0,1,0,0,5919.714285714285,5962.285714285715,6004.857142857143,6047.428571428572,6090,1618,0.2656814449917898,93459.75,117558.75434718421,5.612019443216969,0.045753785385121794,0.11635944700460829,rural,grown
southborough,1,0,1,0,0,9875.857142857143,9912.142857142857,9948.42857142857,9984.714285714286,10021,1640,0.1636563217243788,140423.42857142858,185661.37657807223,3.1307834669956818,0.04578995249166077,0.04538562620034368,rural,grown
southbridge,4,4,14,7,9,16778.571428571428,16798.428571428572,16818.285714285714,16838.14285714286,16858,2692,0.1596867955866651,55629.5625,64384.434201541066,17.865091593905152,0.18527415770824576,0.21398114227373732,rural,grown
southwick,1,0,0,2,3,9591.57142857143,9621.42857142857,9651.285714285714,9681.142857142857,9711,2372,0.2442590876325816,80521.0,95506.84714533175,10.448386646179634,0.07247582406155766,0.1021108453779765,rural,grown
spencer,0,7,2,1,1,11760.0,11784.0,11808.0,11832.0,11856,2539,0.2141531713900135,73941.33333333333,76407.07203096134,11.352272727272727,0.12163653340123928,0.13615143026907733,rural,grown
springfield,31,65,75,56,108,153725.57142857142,153947.42857142858,154169.2857142857,154391.14285714287,154613,21181,0.13699365512602432,40491.55263157895,52701.11507621886,22.794342871024643,0.2869918535922512,0.244673373898026,urban,grown
sterling,0,0,1,0,1,7890.285714285715,7917.714285714285,7945.142857142857,7972.571428571428,8000,1326,0.16575,98674.5,123784.86936298775,4.597492276939851,0.05972952667167543,0.10005008765339343,rural,grown
stockbridge,0,0,0,2,1,1961.142857142857,1965.857142857143,1970.5714285714287,1975.2857142857142,1980,842,0.42525252525252527,50483.666666666664,94928.58008498831,8.002481389578163,0.09441836202399582,0.20500782472613457,rural,uncertain
stoneham,4,5,6,2,4,21664.14285714286,21739.85714285714,21815.571428571428,21891.285714285714,21967,4553,0.20726544361997543,93259.94117647059,108297.08736824476,5.7300175470442305,0.04313976918849606,0.06379373511632166,rural,grown
stoughton,3,4,7,5,7,27551.714285714286,27748.285714285714,27944.85714285714,28141.428571428572,28338,5628,0.19860258310395934,83581.33333333333,91855.35916199959,9.28679374055477,0.08301792473041492,0.09555095336713561,rural,grown
stow,0,0,0,0,0,6791.857142857143,6859.142857142857,6926.428571428572,6993.714285714285,7061,1302,0.18439314544682056,144591.0,150503.4650182095,0.35401915868388173,0.04407165197611601,0.048052317315894225,rural,grown
sturbridge,1,1,1,3,0,9365.714285714286,9398.285714285714,9430.857142857143,9463.42857142857,9496,1952,0.2055602358887953,85708.4,112979.72694352425,4.884667571234735,0.040261382799325465,0.09148397976391232,rural,grown
sudbury,0,0,0,0,0,18103.85714285714,18252.14285714286,18400.428571428572,18548.714285714286,18697,3365,0.17997539712253302,171719.27272727274,232882.38095606977,0.8854636385996556,0.031135135135135134,0.03956756756756757,rural,grown
sunderland,0,0,1,1,1,3674.5714285714284,3671.4285714285716,3668.285714285714,3665.1428571428573,3662,575,0.1570180229382851,57037.333333333336,85704.59210452967,6.734434561626429,0.1635410921125207,0.2211803640375069,rural,uncertain
sutton,0,0,0,0,2,9678.57142857143,9684.42857142857,9690.285714285714,9696.142857142857,9702,1551,0.1598639455782313,105500.2,122950.38212126512,3.171806167400881,0.021438878581735724,0.08132343846629561,rural,uncertain
swampscott,2,1,3,1,1,14119.57142857143,14230.42857142857,14341.285714285714,14452.142857142857,14563,2910,0.19982146535741263,117348.28571428571,147833.27788553905,4.525244541053255,0.061281143729613435,0.05447983898952044,rural,grown
swansea,0,0,0,3,2,16069.0,16137.0,16205.0,16273.0,16341,3429,0.20984027905268957,78941.125,84757.25189444589,13.224429486127073,0.054846541741891304,0.10882151528357094,rural,grown
taunton,23,18,44,31,37,56282.0,56418.0,56554.0,56690.0,56826,10315,0.1815190229824376,60576.86666666667,75337.85701060864,16.06186645413564,0.13771465140256692,0.1656771074056956,urban,grown
templeton,1,1,3,0,1,8057.571428571428,8072.428571428572,8087.285714285715,8102.142857142857,8117,1711,0.21079216459282987,65588.25,84044.06777489332,9.956076134699854,0.04447506890503633,0.10912052117263844,rural,grown
tewksbury,1,6,12,10,5,29691.714285714286,29935.285714285714,30178.85714285714,30422.428571428572,30666,6392,0.20843931389812823,95603.22222222222,106113.97131661391,6.154264479289404,0.05386276790164479,0.06825053995680345,rural,grown
tisbury,0,2,1,1,2,4013.714285714286,4035.285714285714,4056.8571428571427,4078.4285714285716,4100,654,0.15951219512195122,48170.75,95017.49331420758,5.420318078545927,0.06877141458639256,0.2261380323054332,rural,grown
tolland,0,0,0,0,1,562.5714285714286,588.4285714285714,614.2857142857143,640.1428571428571,666,158,0.23723723723723725,90417.0,97181.2274368231,7.142857142857143,0.07207207207207207,0.07807807807807808,rural,grown
topsfield,0,0,1,0,0,6263.428571428572,6321.571428571428,6379.714285714285,6437.857142857143,6496,1793,0.27601600985221675,135291.75,148100.051542563,2.6599252582985273,0.01396078431372549,0.04768627450980392,rural,grown
townsend,0,0,0,4,2,9136.857142857143,9207.142857142857,9277.42857142857,9347.714285714286,9418,1327,0.14090040348269273,86956.16666666667,110430.87008418828,5.088184797877322,0.040494092373791625,0.08807733619763695,rural,grown
truro,0,0,1,0,0,1821.7142857142858,1761.2857142857142,1700.857142857143,1640.4285714285713,1580,629,0.3981012658227848,59394.666666666664,65502.3850872051,8.302169035153328,0.1120253164556962,0.12531645569620253,rural,shrunk
tyngsborough,1,2,1,2,4,11694.857142857143,11829.142857142857,11963.42857142857,12097.714285714286,12232,1279,0.10456180510137345,114153.71428571429,124715.65710733098,4.365761430044689,0.07063074901445467,0.07186268068331143,rural,grown
tyringham,0,1,0,0,0,375.0,391.0,407.0,423.0,439,190,0.4328018223234624,86250.0,139664.204545455,2.1447721179624666,0.12529002320185614,0.11832946635730858,rural,grown
upton,0,0,1,0,1,7639.714285714285,7672.285714285715,7704.857142857143,7737.428571428572,7770,1201,0.15456885456885458,115081.5,132323.81748785626,3.0881527231892196,0.04834737524303305,0.04303305249513934,rural,grown
uxbridge,0,1,0,0,0,13610.42857142857,13661.57142857143,13712.714285714286,13763.857142857143,13815,1879,0.13601158161418747,94147.0,104730.21915873881,5.097113424187144,0.08284714119019837,0.07941948658109685,rural,grown
wakefield,3,0,7,5,5,25742.428571428572,26012.571428571428,26282.714285714286,26552.85714285714,26823,5321,0.19837452932185065,95564.42857142857,112571.17086271747,6.64697932829471,0.04406101336555161,0.07415238239069698,rural,grown
wales,0,0,0,0,1,1911.2857142857142,1935.7142857142858,1960.142857142857,1984.5714285714287,2009,402,0.20009955201592833,50625.0,65224.6625766871,7.355021216407355,0.05681246857717446,0.29512317747611866,rural,grown
walpole,1,2,4,4,3,24451.428571428572,24578.571428571428,24705.714285714286,24832.85714285714,24960,4663,0.18681891025641026,106298.13333333333,131996.74830142639,5.727482678983834,0.028300735981783433,0.06469320538364576,rural,grown
waltham,11,6,11,11,3,61574.857142857145,61889.142857142855,62203.42857142857,62517.71428571428,62832,9666,0.15383880825057294,90079.27906976744,100856.60435797575,9.00620396403095,0.09795156280856718,0.11226010305021454,urban,grown
ware,8,3,10,5,4,9868.142857142857,9866.857142857143,9865.57142857143,9864.285714285714,9863,2053,0.20815167798844164,50455.142857142855,61328.53606595168,8.329730508718836,0.1430029600898234,0.1156476472389507,rural,uncertain
wareham,12,13,17,19,18,22127.571428571428,22229.428571428572,22331.285714285714,22433.14285714286,22535,5681,0.25209673840692254,67297.0,75643.76610859802,8.60494648364274,0.11689830432240364,0.12953717447038188,rural,grown
warren,1,0,0,0,1,5162.428571428572,5171.571428571428,5180.714285714285,5189.857142857143,5199,554,0.10655895364493172,68332.0,70051.85813583784,6.495633187772926,0.11290632814002693,0.20542412002308136,rural,uncertain
warwick,0,0,0,0,0,1023.2857142857143,1040.7142857142858,1058.142857142857,1075.5714285714287,1093,258,0.23604757548032937,66375.0,70621.568627451,9.079754601226995,0.0614115490375802,0.17140238313473877,rural,grown
washington,0,0,0,0,0,521.2857142857143,515.7142857142857,510.14285714285717,504.57142857142856,499,158,0.3166332665330661,86389.0,91221.12068965519,3.9603960396039604,0.028169014084507043,0.07243460764587525,rural,uncertain
watertown,2,3,4,5,1,33045.57142857143,33422.42857142857,33799.28571428572,34176.142857142855,34553,5960,0.1724886406390183,94090.07142857143,112144.78230119408,5.557000111437168,0.08408548302567985,0.05910440808245502,rural,grown
wayland,0,0,1,1,1,13296.57142857143,13397.42857142857,13498.285714285714,13599.142857142857,13700,3020,0.22043795620437956,168801.1,202156.83521378672,1.306981192221868,0.030343007915567283,0.02836411609498681,rural,grown
webster,5,6,5,9,9,16835.14285714286,16857.85714285714,16880.571428571428,16903.285714285714,16926,3342,0.19744771357674584,60968.454545454544,73141.37787753444,14.941463825486398,0.12032215090226475,0.187901174760809,rural,grown
wellesley,0,1,0,0,0,28420.0,28566.0,28712.0,28858.0,29004,5264,0.1814922079713143,183940.21739130435,274138.80549638567,2.0571286944668197,0.043839973899922516,0.03494963500672893,rural,grown
wellfleet,0,0,0,1,0,2930.4285714285716,2990.5714285714284,3050.714285714286,3110.8571428571427,3171,1384,0.43645537685272784,56675.666666666664,73792.35597017063,5.164131305044036,0.11290834126228988,0.23437995559784333,rural,grown
wendell,0,0,0,0,0,854.8571428571429,857.1428571428571,859.4285714285714,861.7142857142857,864,204,0.2361111111111111,42750.0,65966.4974619289,7.380607814761215,0.1755813953488372,0.17209302325581396,rural,uncertain
wenham,0,1,0,1,2,5005.285714285715,5048.714285714285,5092.142857142857,5135.571428571428,5179,939,0.18130913303726587,99841.0,174014.80962349536,0.9712509712509713,0.016519823788546256,0.0861784140969163,rural,grown
west boylston,1,0,2,2,1,7764.571428571428,7796.428571428572,7828.285714285715,7860.142857142857,7892,1340,0.16979219462747086,80042.66666666667,101627.49339546538,12.59610665794209,0.08253358925143954,0.05719769673704415,rural,grown
west bridgewater,3,0,1,1,2,7002.142857142857,7030.857142857143,7059.571428571428,7088.285714285715,7117,1411,0.19825769284811015,90476.5,100318.48036847271,6.43871225754849,0.036095870632399656,0.12301472711521802,rural,grown
west brookfield,0,0,0,0,0,3733.5714285714284,3744.4285714285716,3755.285714285714,3766.1428571428573,3777,842,0.2229282499338099,67787.66666666667,88756.44975607232,7.173601147776184,0.06485587583148558,0.13968957871396895,rural,grown
west newbury,0,0,0,0,0,4367.857142857143,4412.142857142857,4456.428571428572,4500.714285714285,4545,714,0.1570957095709571,139565.66666666666,167077.64572386467,2.4226968441185845,0.056790666960158484,0.010565705480959718,rural,grown
west springfield,6,8,4,4,12,29397.428571428572,29460.571428571428,29523.714285714286,29586.85714285714,29650,4989,0.16826306913996628,57651.25,68475.05184670852,10.582897721668804,0.1192277677874665,0.19855460930343025,rural,grown
west stockbridge,0,0,0,0,1,1215.5714285714287,1185.4285714285713,1155.2857142857142,1125.142857142857,1095,411,0.37534246575342467,74416.5,97838.0793661872,3.977272727272727,0.0695970695970696,0.1336996336996337,rural,shrunk
west tisbury,1,0,1,0,0,2601.5714285714284,2555.4285714285716,2509.285714285714,2463.1428571428573,2417,746,0.3086470831609433,92237.0,116438.37121782344,1.171303074670571,0.03733221476510067,0.13842281879194632,rural,shrunk
westborough,0,2,0,2,1,18513.714285714286,18594.285714285714,18674.85714285714,18755.428571428572,18836,2660,0.14121894245062647,109271.41666666667,126078.81709128147,3.5620257085333744,0.050938192829719356,0.06943167685070027,rural,grown
westfield,8,4,16,8,16,41339.57142857143,41421.42857142857,41503.28571428572,41585.142857142855,41667,7330,0.17591859265125878,63738.608695652176,78579.18703103936,7.903806097330051,0.08461457732066957,0.16978013328435745,rural,grown
westford,1,0,1,3,0,22866.428571428572,23171.571428571428,23476.714285714286,23781.85714285714,24087,3622,0.15037156972640844,138210.08333333334,151247.790378704,2.5290844714213456,0.022977022977022976,0.04945054945054945,rural,grown
westhampton,0,0,0,0,0,1697.857142857143,1728.142857142857,1758.4285714285713,1788.7142857142858,1819,336,0.18471687740516768,86591.0,100600.45045045,2.2154316271963332,0.037486218302094816,0.06835722160970231,rural,grown
westminster,0,1,0,1,0,7400.857142857143,7442.142857142857,7483.428571428572,7524.714285714285,7566,1419,0.18754956383822363,103587.8,119921.01973716042,6.208425720620842,0.015533722782793415,0.06160382368560807,rural,grown
weston,0,0,1,1,0,11589.285714285714,11698.714285714286,11808.142857142857,11917.57142857143,12027,2632,0.21884094121559824,198719.54545454544,304709.36446787283,1.2649800266311584,0.05098873813957613,0.02944045402145961,rural,grown
westport,2,0,1,5,3,15651.142857142857,15690.857142857143,15730.57142857143,15770.285714285714,15810,4037,0.25534471853257434,81306.11111111111,95977.38581963812,12.799793690363622,0.045130035696073434,0.12404385517593065,rural,grown
westwood,0,1,2,0,0,15037.57142857143,15177.42857142857,15317.285714285714,15457.142857142857,15597,3477,0.2229274860550106,150912.6,188578.0578798633,2.4870466321243523,0.018558951965065504,0.03397123041356281,rural,grown
weymouth,25,35,57,55,33,53225.0,53536.0,53847.0,54158.0,54469,10688,0.19622170408856413,82337.19047619047,98209.7873073019,6.842025622919399,0.0663198237396086,0.13095480550258282,urban,grown
whately,0,0,0,0,0,1428.7142857142858,1406.2857142857142,1383.857142857143,1361.4285714285713,1339,283,0.21135175504107542,73750.0,95713.8103161398,6.26808100289296,0.07554225878833208,0.0800299177262528,rural,shrunk
whitman,1,3,1,1,1,14649.714285714286,14703.285714285714,14756.857142857143,14810.42857142857,14864,2261,0.1521124865446717,82088.76923076923,96469.77371154306,6.452897829117705,0.06858719795382648,0.07417379013259742,rural,grown
wilbraham,0,1,0,0,0,14362.142857142857,14409.857142857143,14457.57142857143,14505.285714285714,14553,3158,0.21699993128564557,108948.0,123682.91941937139,5.640434323051792,0.04032939189189189,0.0620777027027027,rural,grown
williamsburg,0,0,0,0,1,2481.5714285714284,2481.4285714285716,2481.285714285714,2481.1428571428573,2481,578,0.23297057638049173,74244.5,95587.60107999564,3.2241014799154333,0.10802095929060862,0.07779121322047561,rural,uncertain
williamstown,1,0,0,0,1,7697.857142857143,7679.142857142857,7660.428571428572,7641.714285714285,7623,1673,0.2194674012855831,76119.0,102476.42158720829,7.704042715484363,0.11497005988023952,0.08922155688622754,rural,shrunk
wilmington,1,4,2,4,2,22844.85714285714,23018.14285714286,23191.428571428572,23364.714285714286,23538,3911,0.1661568527487467,111282.90909090909,133224.50331482763,4.642401409734459,0.029448486674990313,0.08287768545227536,rural,grown
winchendon,0,0,2,1,3,10487.714285714286,10550.285714285714,10612.857142857143,10675.42857142857,10738,2013,0.18746507729558576,63314.666666666664,73285.45265266448,11.502410283877879,0.11197541534620187,0.08297320656871218,rural,grown
winchester,11,9,10,6,12,21890.428571428572,22062.571428571428,22234.714285714286,22406.85714285714,22579,4489,0.19881305637982197,166581.06666666668,217934.10722402242,2.180931672926138,0.02289016305321627,0.039956996953950906,rural,grown
windsor,0,0,0,0,0,903.2857142857143,904.7142857142857,906.1428571428571,907.5714285714286,909,184,0.20242024202420242,81875.0,110717.195767196,1.4367816091954022,0.05500550055005501,0.0638063806380638,rural,uncertain
winthrop,0,2,1,9,2,17910.571428571428,18048.428571428572,18186.285714285714,18324.14285714286,18462,4114,0.22283609576427257,75567.0,95947.05170488497,5.598220053111318,0.08217096336499322,0.1119674355495251,rural,grown
woburn,5,1,9,10,8,38711.42857142857,38908.57142857143,39105.71428571428,39302.857142857145,39500,7595,0.19227848101265824,84871.42857142857,98642.69194244772,5.6761442441054095,0.05982971346997043,0.10828999694096055,rural,grown
worcester,86,120,109,118,134,182629.85714285713,183158.14285714287,183686.42857142858,184214.7142857143,184743,26267,0.14218130050935623,52213.955555555556,65734.4034881688,15.274429276890078,0.2176949604428087,0.19694554728026198,urban,grown
wrentham,1,2,1,2,1,11230.142857142857,11321.857142857143,11413.57142857143,11505.285714285714,11597,1814,0.15641976373199964,109280.0,133462.931270446,3.2510922641994346,0.050581600281988014,0.05833627070849489,rural,grown
yarmouth,2,3,6,8,4,23649.85714285714,23602.14285714286,23554.428571428572,23506.714285714286,23459,7897,0.33662986487062535,66455.38095238095,79616.74779806362,5.042379744101927,0.0686426116838488,0.13389175257731958,rural,shrunk
