city_death,death_rate_14,death_rate_15,death_rate_16,death_rate_17,death_rate_18,over_65_prop,less_than_hs_ed,at_or_below_pov_prop,pop_struggling_prop
ABINGTON,0,3.705500904318673,0.616007392088705,1.8433179723502304,3.064396095083833,0.15170506912442397,5.405642963874484,0.03575398295665061,0.10040755835494627
ACTON,0.4386184771166475,0.8689013983106074,1.2910841417979269,0,0.42240942335079296,0.17058196546578555,2.456531155250294,0.03831466941262282,0.04174711460076372
ACUSHNET,0,3.8450446986446214,1.9188333493236112,3.8303169587283348,0,0.23278751316671453,18.297314996725607,0.040828173374613,0.17840557275541796
ADAMS,2.4014134033173815,3.6191296854803965,1.2121002233727554,0,4.894848172298656,0.21483375959079284,11.862182116488926,0.11085394079668656,0.1445973931051285
AGAWAM,0.3609382331557861,0.7213260032871855,0,1.4404551838380928,2.8787185589957387,0.22309049659692462,7.748863306568637,0.09481894150417827,0.14265552460538533
ALFORD,0,0,0,0,0,0.5328467153284672,1.4534883720930232,0.04866180048661801,0.024330900243309004
AMESBURY,0,3.539644012944984,0.5853283273824953,2.3231501916598907,3.457900066688073,0.17127424788012546,5.751708428246014,0.04914077212806026,0.09021892655367232
AMHERST,0.25643186055968087,0.2545102858514096,0.7578518868707573,0.25075225677031093,0.49782910949040077,0.08688565697091274,4.992163009404389,0.3322599779679688,0.14867384119989832
ANDOVER,1.4516617379294328,0.5754756923178105,0.8555679137587543,0.5653710247349824,0.5604506022842365,0.16624734982332157,2.6285172577239626,0.04442355153367023,0.044012222352802916
AQUINNAH,0,0,0,0,0,0.103125,9.667673716012084,0.2171875,0.05
ARLINGTON,1.1345218800648298,0.901341711519147,0.4475760559597949,0.22226173541963018,0.44151224250375287,0.18243243243243243,2.9699689749691256,0.05175770323793327,0.0668620913423885
ASHBURNHAM,0,1.6199203924835694,1.615098867123509,0,0,0.1249597423510467,2.8346068523539563,0.047760210803689064,0.06538208168642952
ASHBY,3.1815289519134624,0,0,3.1298904538341157,0,0.15524256651017215,8.383233532934131,0.07855559075071271,0.06208425720620843
ASHFIELD,0,0,0,0,6.336561962523763,0.2127659574468085,2.4271844660194173,0.0769712140175219,0.10763454317897372
ASHLAND,0,0.5805467091295116,1.152633355562691,1.1442956860052638,0,0.16838311019567456,3.7690263348634936,0.03184347925870675,0.0730965631992656
ATHOL,1.718381775333857,1.7163593566104351,3.4286833855799372,4.280821917808219,8.551602814698983,0.18801369863013698,12.699350265800355,0.1470894874022589,0.16550825369244135
ATTLEBORO,3.408172473002405,3.8534272835604373,5.201115170780716,9.024049090827054,3.601112486536019,0.15686053332130126,10.879245896310742,0.09160636427968133,0.1302075010843016
AUBURN,0.6099048548426446,0,0,0.6041565973900435,0.6022645145748012,0.2210608989850169,6.791185385434587,0.04602942964854676,0.09175483400218898
AVON,4.524886877828054,0,2.2461814914645104,2.2381378692927485,4.460303300624442,0.1833034914950761,13.286093888396811,0.08482542524619517,0.08034914950760967
AYER,2.5765132414376946,1.2744883839487289,12.610113310875322,3.743448964312453,2.4697891858516363,0.1375093586224108,4.497398892431616,0.13423322084739409,0.0804899387576553
BARNSTABLE,4.250844575698593,5.608776613645032,6.749308195909919,5.188945290468133,7.69213366213434,0.26777213761985336,5.257753752302721,0.09114004445855828,0.14578324184548383
BARRE,0,0,0,0,1.8167661562418895,0.13695137497723547,4.329349269588313,0.057212076034289974,0.11647409616101378
BECKET,0,5.461070369792479,0,0,0,0.22732181425485962,6.639288158795345,0.06924754634678298,0.0916030534351145
BEDFORD,0.7262917617763021,0.7204240209952143,1.4293006636038796,1.4179369018078696,0.7033762057877813,0.21822048918823111,2.3693803159173754,0.025362582902120838,0.07900298812039938
BELCHERTOWN,0.67586486564772,0,0.6725272613729164,2.012612370857373,4.015334754634366,0.18254394203676372,6.400318028225005,0.0576884150867013,0.09621483030834627
BELLINGHAM,1.1995338954006443,1.1934293191485734,0.5936932810883245,0.59070234508831,1.1754827875734677,0.13763364640557624,6.006031160998492,0.04181579575280363,0.0587568599379623
BELMONT,0.39315461647767164,0.3904441581187285,0.3877708163683601,0.770267668014635,0.3825324742746911,0.19291353745426534,3.4898582939705474,0.05527012299548498,0.0535575276350615
BERKLEY,1.5299543199353047,0,3.030893464094737,3.0165912518853695,1.501211692294495,0.1277526395173454,6.329386437029063,0.03928085813567004,0.09276325728962079
BERLIN,0,3.2984638582602956,0,0,0,0.19819238218205293,6.247269550021843,0.028877352368591822,0.08208955223880597
BERNARDSTON,0,0,0,0,0,0.2430167597765363,2.406738868832732,0.035381750465549346,0.2206703910614525
BEVERLY,2.9553530591422437,3.424669501920261,6.803476715448057,4.103207742994376,2.8772444219136415,0.18073423282083464,5.6848089272555,0.08261729938030517,0.12794875800656147
BILLERICA,1.4388834264610662,1.6641704110500917,2.121290687533882,1.8695520085999393,1.853782875680686,0.1723493257928069,7.437693435412934,0.042882969748101726,0.07151982644329276
BLACKSTONE,0,1.0927767457108513,3.2693984306887534,1.0868383871318334,0,0.134550592326921,5.818931346123355,0.03982542280414621,0.08292416803055101
BLANDFORD,0,0,0,0,0,0.24305003971405878,10.623084780388151,0.07069102462271644,0.1556791104050834
BOLTON,0,0,1.9499150394161395,1.9353590090961874,0,0.13857170505128702,1.2813046010483402,0.013934584865492549,0.03657828527191794
BOSTON,2.583585282625223,3.456858860298544,3.9173759933346264,4.173266860222484,3.6246617334633,0.12720237053524017,13.941736093625128,0.2051539801511834,0.15864350438687613
BOURNE,1.0096930533117934,2.018570851836899,3.026634382566586,0.5042355788624445,2.0161290322580645,0.2326542960871319,3.6843221837210947,0.06850593787273765,0.11294922989161438
BOXBOROUGH,0,0,0,1.8031013342949875,0,0.13324918860439958,2.992776057791538,0.05319148936170213,0.06527226830147854
BOXFORD,0,0,0,0,0,0.2063684978123481,2.3788852231290156,0.02771025765678172,0.03986387943607195
BOYLSTON,0,2.234280242578998,0,0,0,0.14588859416445624,3.4374014506464836,0.040798226164079826,0.08980044345898004
BRAINTREE,1.09563311942401,1.9073717973670485,1.8974891184807694,2.6967261744242492,1.6097381492610539,0.19974650773960412,5.949796213766046,0.04990413585319091,0.09821966584497398
BREWSTER,0,1.0156703424260012,1.0151400893323277,1.0146103896103897,0,0.33218344155844154,2.887947631882942,0.04801933382368393,0.12262267521277713
BRIDGEWATER,0.36953939553913157,1.4713919367721864,0.7323439715013574,1.8225559524677408,0.3628653924907599,0.1597288036742728,7.249760536398467,0.09496371233780515,0.08260391466901254
BRIMFIELD,0,0,0,0,5.346980865447046,0.2252953813104189,6.1745919091554295,0.04223064428803465,0.13806172171088252
BROCKTON,4.788180035569337,9.34298775401248,7.309698138221398,7.505126741506523,5.379244253852112,0.14212173104162704,18.79663723158135,0.16903504043126685,0.19819946091644206
BROOKFIELD,0,0,0,5.871990604815032,2.934026322407578,0.23223722842043454,12.668463611859838,0.0919302394324564,0.11055276381909548
BROOKLINE,0,0.5076215753673005,0.33799443757725584,0.6751510650508051,0.5057364968355345,0.17474597441177464,2.8807285832562215,0.11366000832292968,0.07064086558468581
BUCKLAND,0,0,0,0,0,0.27919045147898286,10.0418410041841,0.10764430577223089,0.16796671866874674
BURLINGTON,3.541195912448147,3.5095342346708556,5.02440424921045,6.129563651687545,7.595238870262469,0.23284679921848064,4.841358122781927,0.03990646323698536,0.06378900559687188
CAMBRIDGE,1.6599522039159065,2.196684314235691,3.724757306753881,1.8937173671917975,1.7008064124238154,0.13041400268727513,5.342999060276547,0.1350795334040297,0.09595970307529163
CANTON,0.8974416502669889,1.3353087424570953,1.766171507868925,1.752157343729467,0.4345909567830335,0.19584738709536118,2.9595972000491217,0.05990312402790739,0.056747989157001286
CARLISLE,0,0,0,0,0,0.23488372093023255,2.3783185840707963,0.01608527131782946,0.02248062015503876
CARVER,2.592752639051793,4.315500043155001,0.8619521985937865,2.582422312128777,0.8596657128470901,0.23990703279676337,10.390532544378699,0.0457132999827497,0.14455752975677075
CHARLTON,0,0,0.7506299930298643,2.242320053815681,0,0.13012930712310336,4.298397574707666,0.04674735249621785,0.06293494704992436
CHATHAM,1.9163381515549713,1.92275998461792,0,0,0,0.4291521486643438,3.1280547409579667,0.1011325253328035,0.09735744089012517
CHELMSFORD,0.28964638314423563,0.8644145238105039,0.8599367741724132,1.4258419596771892,0.8511190188624187,0.22579633273447972,4.194027517198249,0.036056660466447274,0.05766204034912004
CHELSEA,2.132366660447264,2.886987559708152,2.5848476232326107,2.29170910572418,3.2616604360589108,0.1049348136076594,30.195395627781004,0.19527891471670913,0.2508816639637552
CHESHIRE,0,0,0,0,9.494958629108831,0.3089302619122752,6.530782029950084,0.039760176711896494,0.1167560744714421
CHESTER,0,0,0,0,0,0.14911706998037932,9.254267744833783,0.0641958967571145,0.14096624751819986
CHESTERFIELD,0,0,0,0,0,0.16653875671527243,8.922742110990207,0.059094397544128936,0.09363008442056792
CHICOPEE,0.8997290530223183,1.4377923725114639,2.872045255227379,1.7928215425436553,3.0440543734619854,0.20452508157338017,14.611280487804878,0.14442948624654345,0.19636879639062726
CHILMARK,22.187004754358163,0,0,0,0,0.21524663677130046,1.1940298507462686,0.18181818181818182,0.03636363636363636
CLARKSBURG,0,0,0,5.807200929152149,0,0.2868757259001161,7.096774193548387,0.0954043048283886,0.13263525305410123
CLINTON,3.636817057711091,5.803890679573414,4.341713529606352,1.443522194153735,4.31947672624802,0.15012630819198844,7.5829383886255926,0.05968639352554375,0.12717681913433052
COHASSET,2.8923827035514327,0,1.3778713855480977,0,0,0.1786243101359537,1.9242096995876694,0.037308370641703975,0.042463709130375796
COLRAIN,0,0,0,0,0,0.2006980802792321,6.25,0.12041884816753927,0.0924956369982548
CONCORD,0.5366781157998037,1.5894520931570302,1.0462596218518796,1.5498269359921475,2.040994839198764,0.22648137624631917,5.400359066427289,0.0625,0.03521369485294118
CONWAY,0,0,0,0,0,0.24888888888888888,0.8233532934131736,0.022573363431151242,0.06489841986455983
CUMMINGTON,0,0,0,0,0,0.2941860465116279,2.39880059970015,0.052570093457943924,0.26401869158878505
DALTON,0,0,1.4989935329136153,0,0,0.2295328225927595,4.582683307332293,0.10349564951915738,0.08594107769806136
DANVERS,1.107670884607067,2.570545742599189,1.0957188698442515,1.0898390670977587,1.4453627086097158,0.22734042939659244,5.837853978997661,0.06287158145065398,0.10474881093935791
DARTMOUTH,0.8769731896767727,0.8758429988864282,2.041003340580978,0.873591333973967,1.1632931166284441,0.21825223493782941,15.518234590331014,0.08235664555854878,0.10163383829549033
DEDHAM,0.7968354250263241,0.7939073283317172,1.582001344701143,0,2.3557522421713304,0.23332151160499665,6.417805629085409,0.05013961892247043,0.09555683311432325
DEERFIELD,0,0,0,0,0,0.21113091701326994,3.422854133754608,0.08292781832927819,0.09549878345498783
DENNIS,2.900051786639047,2.174453280318091,2.8984907144779615,1.4488554042306578,1.4484656610176507,0.4737032744132136,3.643051055258779,0.10918277680140598,0.14411247803163443
DIGHTON,0,0,2.7071972773330244,1.3444474321054047,1.33541913083292,0.17948373218607153,5.746043707611153,0.03879544221378188,0.09224091155724362
DOUGLAS,0,2.3120623596247856,2.302517967863428,1.1465260261407935,1.1418318244841366,0.1160284338454483,3.092962641181581,0.041489483967360075,0.06240661992874382
DOVER,0,0,0,0,0,0.19520432286389733,1.6830657690315898,0.007598784194528876,0.010638297872340425
DRACUT,0.9867354562241863,2.2846059520978748,1.2954866171605708,0.9642271719217047,2.2328853891828095,0.17838202680551538,8.669877732493516,0.071545920175240793,0.11609702670489322
DUDLEY,0.8672167298495999,0.8645711109738776,0.8619415849874402,0.8593280054996992,2.570190683670722,0.13216464724585375,8.296055307035381,0.07750472589792061,0.16162570888468808
DUNSTABLE,0,0,0,0,0,0.17051243632004795,3.6986919260261613,0.020976925382079712,0.032364399160922985
DUXBURY,0,0,1.3740173322472053,0,0,0.21172371387579422,1.0546795003071883,0.042472637158394715,0.06098988091140635
EAST BRIDGEWATER,0,0,0.6756104623105877,0.6729475100942126,2.0109164033323754,0.18203230148048452,4.2623278099421045,0.0656260604004072,0.08693586698337293
EAST BROOKFIELD,0,0,0,0,0,0.17364016736401675,8.05084745762712,0.02510460251046025,0.100418410041841
EAST LONGMEADOW,0,0.62377472821244,0.6213606021871892,1.2379301807378065,0,0.22363208715028474,5.677767150682549,0.045006674718708284,0.12529400546691247
EASTHAM,4.057971014492754,2.0318123766399627,0,2.037489812550937,0,0.45680521597392015,3.8499751614505713,0.06591375770020534,0.11478439425051334
EASTHAMPTON,1.2459617489743064,0.622991963403672,1.2460061054299167,1.2460282848420658,2.4921009300876684,0.19917762133200423,5.088566827697263,0.10663581212083308,0.10488460816811558
EASTON,1.6934801016088061,1.6844232955741778,1.256597134958532,1.2499479188367153,1.6578249336870026,0.16511812007833007,4.006462035541196,0.04744856340070697,0.06272092812471676
EDGARTOWN,0,0,0,0,2.3125970464832006,0.17381174277726003,3.2467532467532467,0.05105882352941177,0.124
ERVING,0,0,0,0,0,0.2336448598130841,5.125899280575539,0.0938137321549966,0.08225696804894629
ESSEX,0,0,0,0,0,0.20314618931380526,1.760428626100268,0.062040816326530614,0.07020408163265306
EVERETT,8.010488835994233,9.7286954498148,8.94743064942369,7.520127399805362,6.124444972174396,0.12534282933734406,20.107625672660454,0.1391298545308955,0.2032786155967792
FAIRHAVEN,0.626527159952384,3.1283238440843397,3.1240237425804436,2.495788357147314,1.8692753442582093,0.25095151931116244,10.76845298281092,0.0914263793875072,0.12492807365257975
FALL RIVER,5.743661877490874,5.0357016187856765,9.945109680352475,7.481180156169636,7.824647807430246,0.18430588675363538,27.451178962647898,0.2043867683267714,0.23609805997311795
FALMOUTH,4.539748275590514,5.520709619952494,5.854120882950105,6.839945280437757,2.9357627158135093,0.3504331965344277,6.174856520464162,0.06321381142098273,0.14282868525896414
FITCHBURG,1.974486809722937,2.465083848066318,2.708273247184451,3.934490729356219,2.701659590891548,0.16360104264004327,17.597162245527453,0.1794997421351212,0.17496132026817948
FLORIDA,0,0,0,0,0,0.18627450980392157,9.106239460370995,0.12990196078431374,0.12009803921568628
FOXBOROUGH,0.5814581308613056,0.5786558650905183,2.8794024005989156,0.5731315910132966,1.7112264604502971,0.18300091701054563,5.384986336601832,0.04877628403998621,0.0649775939331265
FRAMINGHAM,1.8575901951898621,2.414792327859804,2.8242319097859636,1.9654088050314467,3.4892670146628975,0.16520664869721474,10.334132243056535,0.1152448495149899,0.15070480321190985
FRANKLIN,0.3093553476491203,0.30771259643492976,1.5304359993528442,0.3044788843893676,1.2115495285774245,0.13354443869317661,3.899919442733261,0.0434235368156073,0.05490874764002517
FREETOWN,0,3.6569438397910314,0,3.6262540795358396,1.2037005193107955,0.19327934243926023,11.083540115798181,0.0506548060291574,0.10649864096861873
GARDNER,2.453248100485042,3.4281076845581238,4.888131616435294,4.391100702576113,11.200779184638932,0.17144808743169399,12.272350993377483,0.1665202336038038,0.1702930383999173
GEORGETOWN,0,1.182212764520106,1.1745557662298438,1.1669973159061733,1.159535523198993,0.17750029174932896,2.3781998348472335,0.03410816493400304,0.05011096834481953
GILL,4.039937669533099,0,0,0,0,0.26921560898699254,3.3983008495752123,0.07385466034755134,0.16350710900473933
GLOUCESTER,1.0204131215409211,3.722180327551869,3.0297638226962973,5.693616451202358,5.331429251457813,0.23481144081988076,9.090509086109034,0.08465590599040994,0.1535422435334639
GOSHEN,9.27643784786642,0,0,0,0,0.1897810218978102,4.034229828850855,0.023722627737226276,0.09215328467153285
GOSNOLD,0,0,0,0,0,0.4411764705882353,0,0.058823529411764705,0
GRAFTON,0.5496101693584479,1.0927682160558871,0,0,1.0738584501154398,0.15488470054544473,4.122442701122904,0.057493750679273994,0.06368872948592544
GRANBY,1.591198399709038,0,1.5855757905227867,0,0,0.157644824311491,7.369087837837838,0.05463258785942492,0.0853035143769968
GRANVILLE,0,0,0,0,0,0.1819277108433735,4.056291390728477,0.08394160583941605,0.06569343065693431
GREAT BARRINGTON,2.858776443682104,1.4349261013057828,1.4405070584845865,0,0,0.21995661605206074,10.983783783783784,0.05176789037387921,0.17205210624259853
GREENFIELD,2.2901262841065235,5.724472939598633,2.861815208503679,2.2891152569531874,6.294140727177609,0.21717981000343367,7.492884068005231,0.13156801044944488,0.2159947752775634
GROTON,0,0.900877712285398,0,0.8863676653075696,0,0.17603261833008332,1.6835882277342245,0.04313270226826219,0.05652795141989641
GROVELAND,0,0,1.5008254539997,1.4932059130954158,0,0.1860534567716888,3.3140569395017794,0.024189935792145737,0.10527101687322682
HADLEY,1.8942469015532826,0,3.778065630397237,0,1.883847354540072,0.27541973212601395,3.7037037037037037,0.054221533694810226,0.16498838109992253
HALIFAX,0,0,0,1.292156609381057,2.5738132882303195,0.18503682646336736,4.833394361039912,0.046239771398882974,0.10533835563060137
HAMILTON,0,0,1.2565069107880096,0,1.2463499750730005,0.16193217369540733,1.5627977892128835,0.10173824130879346,0.057387525562372185
HAMPDEN,0,0,0,0,1.9228128004395,0.2653572116310418,6.480271753331591,0.04047946551385341,0.07702888583218707
HANCOCK,0,0,15.381234893430017,0,0,0.2347417840375587,2.676864244741874,0.0297339593114241,0.06885758998435054
HANOVER,0.7074351433566787,0,0.7010726411409457,0.6979341150195422,0,0.19151312116136238,3.583545377438507,0.03893081317441286,0.08181112913463573
HANSON,0,3.824196235898276,0,0,1.8849887573884827,0.17850378787878787,5.879172861197459,0.03437143942271174,0.06560957083175085
HARDWICK,0,6.635071090047394,3.312198353364247,0,0,0.25297619047619047,6.666666666666667,0.11980775832475112,0.18022657054582905
HARVARD,0,0,0,0,1.5278505325650427,0.18587587893610516,2.1867974657674227,0.052275635167245475,0.052092853226101264
HARWICH,0,2.4647598032886937,0.8225520264156708,0.823519723297373,0.8244896997679649,0.3756073457959318,3.7383177570093458,0.0668402048870602,0.13242085817448987
HATFIELD,6.071908747885675,3.032534765844994,0,3.02571860816944,0,0.3183055975794251,2.6345083487940633,0.04357034795763994,0.0962178517397882
HAVERHILL,4.834153988522337,4.009411807832329,5.906001089987846,3.812973642819694,3.7951950120294127,0.14354257026198305,10.711898780853172,0.12575121163166397,0.1564135702746365
HAWLEY,0,0,0,0,0,0.2735655737704918,9.433962264150944,0.11819116135662898,0.15724563206577596
HEATH,0,0,0,0,0,0.26294820717131473,9.851088201603666,0.15951417004048582,0.2242914979757085
HINGHAM,0,0,0.4363028939347665,0,0,0.2420271618865796,1.4503625906476618,0.05705125389784356,0.05612894725284378
HINSDALE,5.008586147681739,0,0,0,0,0.20964467005076143,5.252525252525253,0.07802141764405915,0.049464558898521166
HOLBROOK,1.8303285439736432,2.736976553234194,0.9095043201455206,4.533502584096473,3.615655789568833,0.19403391059932903,4.56643186786495,0.06669695592912313,0.07542026351658337
HOLDEN,1.1087352498614083,0.549097127437599,1.0878518035028828,0,0.5338702542747754,0.18832848367280958,3.028169014084507,0.04677568316401369,0.06807192915738577
HOLLAND,0,0,0,0,0,0.18207171314741036,5.672149744753262,0.04110135674381484,0.12769353551476456
HOLLISTON,0,0.7035600136691661,0.6970237087635794,0,0.6843087992335741,0.1589779005524862,3.373518387194813,0.01449375866851595,0.06484049930651872
HOLYOKE,3.486452641165756,3.2318783961359516,3.226355423822558,3.964124671720926,7.172739350425417,0.1627768693325405,21.00093023255814,0.28610743043522574,0.21503924166751606
HOPEDALE,0,0,3.362071035758027,0,1.677490474250521,0.1743073047858942,6.57705232837254,0.042401628222523746,0.05495251017639077
HOPKINTON,0.6269311719134835,1.851035698545615,0.607401622630049,1.7942583732057416,1.7671561408675893,0.12165071770334929,3.042541733979537,0.01502494140272853,0.041649137568363484
HUBBARDSTON,2.224340641881157,0,0,0,2.1694663112874233,0.14145383104125736,4.017715912685859,0.02379393145601397,0.11875136433093211
HUDSON,0,2.038721139353871,1.013604013871895,1.0079121100640023,1.5034256627601463,0.21488686186564532,9.715265866209263,0.05930491008284502,0.08501717518690645
HULL,1.3069454817027633,5.216289727635158,3.9036359580637967,7.790184367696702,3.886585726976606,0.298493897688912,4.552493031898421,0.041937159179433914,0.13230329784471564
HUNTINGTON,0,0,0,0,5.13347022587269,0.18968133535660092,5.829903978052126,0.08042488619119878,0.14011127971674253
IPSWICH,2.7018333869411384,2.690651906519065,1.7863750622041314,3.5580857498665717,3.5435412632724606,0.24292830457214018,3.1740150673088796,0.07023201648302428,0.10077936038699274
KINGSTON,0.7715454054471106,0.7666360012266177,0,3.785011355034065,1.5045512675844428,0.19356548069644208,4.954703053349737,0.06564956079519187,0.05994760363692402
LAKEVILLE,0,0,0.8301313979412742,0.8232485387338437,0.8164788765250659,0.16950687412529844,5.915853091585309,0.039332835449340305,0.0744336569579288
LANCASTER,1.2482836100362003,1.25,1.2517211165352358,3.7603409375783405,0,0.17297568312860365,12.689460697920339,0.05296514259846084,0.022785574166289423
LANESBOROUGH,0,3.3015753230827283,3.3151787828557895,0,3.3427247982426818,0.21205059920106525,3.2497678737233056,0.0492676431424767,0.05426098535286285
LAWRENCE,3.454458719218305,5.470350156931805,7.590009379083019,6.28954551744091,7.755553530295801,0.11343824295256424,32.336132373269514,0.24203748565599897,0.2839857197500956
LEE,0,1.7129153819801302,0,3.450655624568668,1.7316017316017316,0.2908902691511387,10.865954922894424,0.08017777777777778,0.10737777777777778
LEICESTER,0,0.8937120970315992,0.8902228100518873,1.7735213265939522,1.7666506826842996,0.20218143123171056,10.135713412397603,0.056124803840118156,0.11261884981076341
LENOX,0,0,0,2.002402883460152,2.004180147164085,0.395274329195034,3.690506490201069,0.038338658146964855,0.10394036208732695
LEOMINSTER,4.860081718802615,5.3333702744261435,7.255515055193739,6.7557786034840515,5.776987644811544,0.1960140906239444,13.65707726023585,0.13429998781527963,0.16334836115511148
LEVERETT,0,0,0,5.00751126690035,0,0.313970956434652,2.7906976744186047,0.06009013520280421,0.0756134201301953
LEXINGTON,0.9229227645492181,1.2201339532775848,0,0,0.2974698068146083,0.20363538198506254,2.069778612287673,0.03634598464852401,0.045781377992172564
LEYDEN,0,0,0,0,0,0.24707194645844952,5.201465201465202,0.1146067415730337,0.11292134831460675
LINCOLN,0,0,0,0,0,0.19265232974910393,1.4071923162832254,0.02740751834656283,0.07488392990864161
LITTLETON,0,0,0,1.0252204223908141,0,0.17551773631330736,2.568149210903874,0.03844155844155844,0.07044155844155844
LONGMEADOW,0,0,1.8912103746397693,0,1.2587211393224484,0.22719828672209624,3.619413216342199,0.036244800950683304,0.05268369974252327
LOWELL,4.859754811615731,6.107900158623078,7.069764069283688,5.317039760643091,6.451670713895286,0.11751559064201002,20.155498172684812,0.2244289220313385,0.19127808193316972
LUDLOW,0.47095867001271585,0,1.4085546217360099,2.8128076508368105,1.4042595874151593,0.19122404012938915,16.334384858044164,0.058051979596793785,0.11110031576390576
LUNENBURG,0.935103796521414,0,0,0,0.8847991505928154,0.18672645739910315,6.430211788721612,0.08323446198777038,0.06498129049922424
LYNN,4.631978295873128,4.612596782164626,4.921475130145676,7.079299040482699,5.206186685177553,0.13109772700044653,20.89165370658372,0.18389229369264673,0.18481323524574886
LYNNFIELD,1.633300667319987,1.6119375489338186,0,2.35626767200754,1.5510746731664082,0.2357838517122212,3.5917901938426455,0.01795416961965509,0.03732577368296716
MALDEN,0.8270360445937835,1.9766566265060241,1.312329807228125,1.4702999411880024,2.11506905351822,0.14191661765666863,13.479951784211604,0.1587470526591564,0.16274233691380666
MANCHESTER,0,0,0,0,0,0.27388774169326074,2.642174131857071,0.03698835899361622,0.061396920766053326
MANSFIELD,0.4261432815467784,0.4248655603976742,2.5415728705250165,1.6893318692457133,0.8421559191530318,0.1099332713911648,2.5514660012476607,0.027069389138354657,0.06261120054223503
MARBLEHEAD,0,0,0.9847642896332456,1.4710930221154317,0.4883630071998661,0.2641102339037905,2.3562164731445643,0.04586703491812981,0.0566679818504636
MARION,2.0010863039935964,0,1.9831713743377624,1.9743336623889436,1.9655743689102294,0.3162882527147088,5.217391304347826,0.0555893690403733,0.12517752079529315
MARLBOROUGH,2.2944049296928775,1.776308396138523,1.5155615696887685,0.75431847325941,5.506509480850577,0.1573256895728043,8.41288782816229,0.06495522084266232,0.13461734174638715
MARSHFIELD,0.7579243699753675,0,0.753770197003225,2.2551304217093886,1.8741532843197628,0.19349019018266556,4.371434839842036,0.062159214830970554,0.0815252134020231
MASHPEE,0.7126277639776845,1.4245304137243329,2.8476120738751933,0.7115411982353779,0,0.3502917318912765,3.767186067827681,0.06100891060649612,0.11835297499281403
MATTAPOISETT,0,0,3.2172813972193492,1.601281024819856,6.37595354662416,0.2430744595676541,2.561817776787703,0.04611689351481185,0.07141713370696558
MAYNARD,0.9647454450232918,0.9587465074234373,0,0.946969696969697,0.9411891252319359,0.18428030303030302,3.8653526174324844,0.08090831027573704,0.062112393855548134
MEDFIELD,0,0,0.7983212444687742,0,0.787791482848654,0.14599524187153054,1.0567366964398037,0.021796197597645374,0.06936600111367433
MEDFORD,2.454178238450963,2.444829186271037,2.609519028364229,2.4263431542461005,1.0359448186726588,0.16707105719237436,7.745121657431944,0.10340654576981433,0.11296149122173253
MEDWAY,0,0.7665856276146045,0.7631590423444247,0,1.5127939142461961,0.13911259686977662,4.548595117457393,0.052784800429020146,0.043208457825787173
MELROSE,4.341601327289549,6.114290999147082,7.50861958881369,6.7538745912128535,6.714696096893569,0.18704677946822124,5.60458958517211,0.03898292927843925,0.0806197102280878
MENDON,0,1.6805512208004225,0,0,1.6618788727713016,0.16380316930775646,2.815146985550573,0.005353856449723942,0.03446545089509787
MERRIMAC,0,1.5074511155138255,0,1.481042654028436,0,0.23770734597156398,4.800498753117207,0.0536563614744352,0.10686682520808562
METHUEN,4.116860012056518,2.4533785066518687,2.8430106903004018,2.8240040342914776,2.204124862242196,0.16772566817952597,11.834495031884918,0.09425637897733048,0.14522720341567552
MIDDLEBOROUGH,1.2635379061371843,2.5105052690723686,1.247075311471905,2.0650064015198444,1.6413815743194127,0.2139759633254863,4.802927927927928,0.07860059781922284,0.09990317012587883
MIDDLEFIELD,0,0,0,0,0,0.21782178217821782,4.232804232804233,0.0701344243132671,0.11513734658094682
MIDDLETON,0,1.056539982491623,0,1.035625517812759,1.0254757474985716,0.20691797845898924,7.551080840983121,0.03640921570968127,0.03819983287573117
MILFORD,4.936604925522752,3.1634764095044887,7.007743556630077,4.889975550122249,5.571002929750647,0.15567586447782047,8.12770671769564,0.07894181383240695,0.11865897417856891
MILLBURY,0,0.743676097187842,2.2248826639261763,1.4791805339841728,2.2126924252162645,0.22054581761704015,8.2640277923992,0.05978994748687172,0.10172543135783946
MILLIS,2.488933136589095,0,3.700114527354418,1.2278978388998034,1.222472538027628,0.18418467583497053,2.522306108442004,0.04404145077720207,0.06402664692820133
MILLVILLE,3.1086242117417178,0,0,0,0,0.10750695088044486,10.058637798827244,0.043867778807537845,0.09236947791164658
MILTON,0.3662677836089935,2.191597831361765,2.185621731324643,0.7265593780651723,1.8114723129396058,0.17931485450648454,4.360531744212698,0.041215589236003713,0.05343334364367461
MONSON,0,0,0,1.1359763716914688,1.1315142894090262,0.21401794842667274,8.429959260419931,0.05567105567105567,0.07576807576807577
MONTAGUE,4.02730899048788,2.6934472276732464,4.053115108469081,0,1.3597513597513597,0.23353212252642994,11.046409034762661,0.1583160800552105,0.15431331953071084
MONTEREY,0,0,0,0,0,0.46364883401920437,4.5,0.0995850622406639,0.058091286307053944
MONTGOMERY,0,0,0,0,0,0.18453865336658354,3.3980582524271843,0.03740648379052369,0.08728179551122195
MOUNT WASHINGTON,0,0,0,0,0,0.33548387096774196,5.077452667814113,0.055197132616487454,0.12043010752688173
NAHANT,0,0,0,3.4317089910775564,0,0.21791352093342484,3.0012505210504377,0.05413901501921062,0.10967516590988474
NANTUCKET,2.001544048265805,0.9922744347579558,1.9678398740582481,0.9757049468240804,1.9352519974565259,0.15572250951312322,6.2313331523214774,0.11824557937370345,0.0873258915341302
NATICK,1.1529940785518393,0.5695757067824262,0.5628185955263961,1.9467697527602412,0.2748870999410956,0.1766832605612259,3.127092276790989,0.03570525606090401,0.06725285838694273
NEEDHAM,0,0.3334651314567186,0.6620637472808096,0.32863386900653985,0,0.19747609188602977,2.259496793290577,0.029536293737086338,0.028147545981099482
NEW ASHFORD,0,0,0,0,0,0.24251497005988024,7.053941908713693,0.07878787878787878,0.04242424242424243
NEW BEDFORD,4.024644136728963,6.7773738583982706,6.670518727367884,5.928498078531427,6.562751395718787,0.16683428789210134,25.953630999395994,0.22792959903371224,0.2165196385048422
NEW BRAINTREE,0,0,0,0,0,0.14354450681635927,8.286674132138858,0.0825242718446602,0.08495145631067962
NEW MARLBOROUGH,6.99510342760068,0,0,0,0,0.327007299270073,6.8755439512619665,0.04538690476190476,0.09672619047619048
NEW SALEM,0,19.78798586572438,0,0,0,0.26300294406280667,5.3984575835475574,0.06084396467124632,0.12266928361138371
NEWBURY,2.925565261002215,1.4537298554577172,0,1.4359563469270535,0,0.2204192992533027,3.591645520203006,0.042463768115942026,0.06217391304347826
NEWBURYPORT,2.826957870250711,2.2529408924864422,6.172047837378563,3.912800447177194,3.898046203780309,0.21151481274455003,3.1372259540857756,0.06963930701505254,0.09690428855438796
NEWTON,0.5743787683349908,1.1425083280696342,1.704490113957339,1.2432328575142124,0.3372486293252137,0.18066433843058805,2.792608514769103,0.0427644987956272,0.07189179173614971
NORFOLK,0.8710259441299072,0.8662401465183334,0,0,0.8521931800197222,0.1321223545540228,9.226692363285956,0.028459169586917278,0.03536158012105766
NORTH ADAMS,5.214541120381407,4.493372275893058,3.011594639361542,3.7847248505033684,3.0441400304414006,0.21368556505942018,16.223137735218796,0.1783859533426758,0.22298244167834474
NORTH ANDOVER,0.6804837267177354,0.33726162829914147,0.33433314865407027,0.3314550878355983,0.32862615488620145,0.14829300629764666,2.898982377761231,0.05102463258124612,0.06064996895052784
NORTH ATTLEBOROUGH,0.34607550378705476,2.0731629061795065,1.3799221329653542,1.3777425688010194,1.031677409212388,0.14748734199014915,6.101677835441125,0.07319523347651379,0.09075793265899959
NORTH BROOKFIELD,1.6779730086056044,0,3.3682184530253823,1.6871941960519654,0,0.17192508857769528,8.263673274420826,0.06345436036647438,0.14455378350865286
NORTH READING,1.3075802293869319,0,0.6452802359882006,1.923323503013207,0.6369890437884468,0.18348506218745994,2.4743566672665107,0.033950816497773185,0.04408442522429484
NORTHAMPTON,3.853101746906259,1.0508511894634656,4.9039967573572465,2.8022978842650974,4.553756849400756,0.17426789967773573,5.254618726121317,0.14965932183129457,0.1292584771088178
NORTHBOROUGH,0,0,0.6752650415288001,0,0,0.1845421638289315,4.207182054491191,0.037044575615713414,0.04756089286925843
NORTHBRIDGE,1.2831440695830698,0.6356817232423401,0.6298985863276012,1.8726591760299627,1.8559270355542594,0.15630461922596753,7.52119609809463,0.08513616696360397,0.09671672181216595
NORTHFIELD,0,0,0,0,3.3232054690467145,0.14010624169986718,5.067264573991031,0.039544235924932974,0.1638739946380697
NORTON,1.5537945883554194,0.5160833695820461,0.5142483525686705,1.5372790161414298,2.0424687611697507,0.14542659492697924,4.736506925648782,0.0562588702810105,0.06795344876525689
NORWELL,1.0237061086005939,3.0533463221716564,1.0119262739428985,1.006137438374082,1.0004144574180731,0.198913371566556,2.965039091311403,0.03182751540041068,0.04815195071868583
NORWOOD,3.114340797864452,5.86758970262661,4.81979855209317,5.837711617046118,4.110272745955785,0.19566635761134576,5.289350206170909,0.08268129104373341,0.07800055889339108
OAK BLUFFS,0,4.317123562243671,2.148755256776253,2.13903743315508,2.129407112219755,0.293048128342246,3.312063202673959,0.12232084866854298,0.07079454427365231
OAKHAM,0,0,0,0,0,0.1433207138994051,5.904334828101645,0.03791982665222102,0.09588299024918744
ORANGE,0,1.2916797372354363,1.294929426346264,1.2981955082435417,2.6029562145579623,0.1877190704920161,12.401292175161522,0.10257745378807602,0.30486852382192137
ORLEANS,0,0,1.986040969187993,0,5.972696245733788,0.4324915490157089,1.9560492634629316,0.07803700724054706,0.11202735317779565
OTIS,0,0,6.321112515802782,0,0,0.38173747622067217,6.81986656782802,0.09194673430564362,0.12301838934686113
OXFORD,1.447492219729319,0.722334585379948,2.162785667940307,0.7195279896387969,0,0.15707296013814936,7.063947312513278,0.10912382331643737,0.09138305575669804
PALMER,3.279917533502015,1.6380974667992747,4.090600967719315,4.9031625398381955,5.71388590885769,0.19849636348778296,7.638202000219804,0.14082644628099172,0.16958677685950413
PAXTON,2.0711284691401857,0,0,0,0,0.17316821465428275,3.118246372337141,0.04645308924485126,0.07025171624713959
PEABODY,1.9220578100073313,2.4893859149997817,2.0986015682277173,2.2809351834252043,1.7044117209418093,0.2231324843185706,10.190157470101434,0.09825147310032437,0.13114911422045641
PELHAM,0,0,0,0,0,0.26859827721221613,2.277432712215321,0.040031397174254316,0.03296703296703297
PEMBROKE,1.6609850432251585,1.1038920078218633,2.7512046346007217,0.5485463521667581,0,0.16615469007131103,4.499437570303712,0.04222100054975261,0.07883452446399121
PEPPERELL,0.8465659656294219,1.6819039152320427,1.670823835495459,0.8299443937256205,1.649095942046057,0.1528757573242593,5.7057057057057055,0.0560685467099243,0.06696614258381166
PERU,0,0,0,12.330456226880395,0,0.14180024660912455,8.307210031347962,0.06781750924784218,0.10850801479654747
PETERSHAM,0,0,0,0,0,0.22988505747126436,2.5386313465783665,0.05387205387205387,0.18518518518518517
PHILLIPSTON,0,0,0,0,0,0.14573170731707316,9.43089430894309,0.05871559633027523,0.14801223241590214
PITTSFIELD,3.188370905139459,4.347556052419105,5.0579529741748805,3.2340779412783847,4.874409350907735,0.21668322206565177,10.07570977917981,0.15056577086280057,0.20325318246110324
PLAINFIELD,0,0,0,0,0,0.25898203592814373,4.4534412955465585,0.07634730538922156,0.1781437125748503
PLAINVILLE,3.4544018949861823,2.275386815758679,1.1242451496852113,2.2222222222222223,0,0.18511111111111112,3.2763975155279503,0.06188888888888889,0.05722222222222222
PLYMOUTH,3.434943969090669,3.7765320645555764,4.651222223642009,4.093109339407745,2.655585708396456,0.231936930523918,4.674930927406538,0.06485768570954234,0.09016620243124089
PLYMPTON,0,3.4653465346534653,6.8992706485314415,3.4340659340659343,0,0.1926510989010989,5.122288878634056,0.04361263736263736,0.08379120879120878
PRINCETON,2.917760826976783,2.914723517654897,2.9116925252693315,0,2.905649412643726,0.2286212914485166,1.0588235294117647,0.0651541593949971,0.02675974403723095
PROVINCETOWN,6.784918096345837,3.390815733385003,0,3.3875338753387534,0,0.3584010840108401,5.0416982562547386,0.10669384981311587,0.2218824328916072
QUINCY,4.297960436723159,4.725267307272673,3.9447917009096503,4.0428763426173795,3.813532280383346,0.1745102109944383,11.161385451601712,0.1009040633175481,0.1388106986345222
RANDOLPH,1.5141551879282897,1.203038531605541,2.09101461149802,0.8901020650367908,1.1788480970023578,0.17864348445288394,14.496806778812038,0.11332712582224491,0.12411017330970474
RAYNHAM,0.7327617791455998,0.729235032450959,0,1.4445648248465148,0.7188555819135936,0.19451065366558323,5.834365964477489,0.06353732543686481,0.06777802149594209
READING,0.7895464055899886,0.7850217843545159,1.5610974515084104,1.5522527067406573,0.38587690526721974,0.17012689665877606,2.9151311809031406,0.029480763215514544,0.06470910228339068
REHOBOTH,0,0.8416901137484067,0,0,1.6604990985862034,0.14528773978315263,6.112261049555583,0.02284991568296796,0.08912310286677909
REVERE,2.265854915151826,1.5020250516321112,3.173849612870361,2.227833061042626,1.6615808227198758,0.17122753601663449,18.13300916780631,0.12952874892727884,0.21799559717920974
RICHMOND,0,0,0,0,0,0.35502958579881655,5.643879173290938,0.05128205128205128,0.06771860618014464
ROCHESTER,1.8644790112934158,0,0,0,0,0.17411204686927864,7.213465134918515,0.04741852801171732,0.06700842182350787
ROCKLAND,1.1302810363062417,1.690508198964765,5.618744130419079,5.602554764972828,4.469166739822669,0.1844361028629055,4.308547602501737,0.06312988336541728,0.10463141207111312
ROCKPORT,1.41151798677206,2.809890815671163,0,1.3919821826280623,4.156769596199525,0.3418708240534521,2.421652421652422,0.062131009277481025,0.12524599381501264
ROWE,0,0,0,0,0,0.2966507177033493,9.125475285171103,0.1125,0.2375
ROWLEY,0,0,0,3.2092426187419765,1.590909090909091,0.17682926829268292,2.340523175768701,0.05473444859509501,0.04872502842293325
ROYALSTON,0,0,0,0,0,0.2501912777352716,9.261083743842365,0.10476935105551212,0.145426114151681
RUSSELL,0,0,0,0,0,0.22105263157894736,4.7720042417815485,0.07067669172932331,0.09849624060150376
RUTLAND,0,0,0,0,1.1719207781553966,0.12690535271180434,2.0028612303290414,0.022503849342650716,0.09546369773777093
SALEM,5.180142083897158,6.383299604726448,7.086454747924682,9.728809436945154,8.715260005256823,0.16047671166241032,8.921438082556591,0.15626591951095262,0.13303616912888436
SALISBURY,3.4464083501550884,7.945387621410387,8.97306478232306,9.976720984369804,6.574313219065509,0.2151646158962421,6.9777911164465785,0.09696092619392185,0.15095179784036514
SANDISFIELD,0,0,0,0,0,0.27357392316647267,8.562197092084006,0.04130162703379224,0.11514392991239049
SANDWICH,0,0.9769713886950453,1.957453353187503,0.49024414158250806,1.9645124851784548,0.23801353073830767,2.8660057994470294,0.056857681994239746,0.08759559042606019
SAUGUS,2.5516580569905014,0.723734885572345,2.874005645368232,1.4266861647109177,3.8954206042455026,0.23005314405963548,9.416114472294247,0.08133678681919562,0.09086984675156486
SAVOY,0,0,0,0,0,0.22643979057591623,16.007194244604317,0.08377659574468085,0.22872340425531915
SCITUATE,0.5453284825066413,2.175247240155064,1.0846071010776348,0,0.5393119919873647,0.22227029365637338,3.11999389732245,0.04240571958740381,0.04775418872455384
SEEKONK,1.3862209636216012,0.6847372076416672,0.6765638289646639,0.6685832720465333,0.6607887930220704,0.2212342047201979,7.4415308291991495,0.05503481521156936,0.07244242099625067
SHARON,0.5563680295034018,0,0.5508254512834233,0.5480953685941353,0.5453922149156979,0.1740750890654974,2.199786587868341,0.019871195023944514,0.04348544063411681
SHEFFIELD,0,0,0,0,3.144230337330997,0.2811912225705329,8.588235294117647,0.0871473354231975,0.15862068965517243
SHELBURNE,5.216484089723526,0,0,0,0,0.2930232558139535,8.664495114006515,0.08503937007874016,0.12913385826771653
SHERBORN,2.367664468121089,2.3530993680247416,2.3387123717884464,2.3245002324500232,2.310459781496518,0.17573221757322174,1.2358757062146892,0.04160855416085542,0.037192003719200374
SHIRLEY,1.3482020762311973,0,0,1.3206550449022716,0,0.15134706814580032,12.613556953179595,0.10257672739208928,0.149351715082882
SHREWSBURY,0.2759294881902179,0.27472958759164195,0.8206202325872203,1.9065257653339143,1.3559584689291801,0.16981697352652794,5.927908202570652,0.04578253976931067,0.06595419012737112
SHUTESBURY,0,0,0,0,0,0.18036529680365296,1.6470588235294117,0.11308840413318025,0.14006888633754305
SOMERSET,0.5489205868745246,0.5485248599302589,0.5481297031486136,1.0954702305964834,1.0946821903026795,0.25316317029084734,12.921673664398437,0.06734512290067846,0.08363919475030586
SOMERVILLE,1.7909553101824947,1.904164316686101,2.3935844737353595,1.5003188177487716,0.9927141869493539,0.10699773701911656,9.588972263164948,0.12441014104901162,0.1243584273875551
SOUTH HADLEY,0,0.5658257418379637,1.1296152853085462,0.5637932006540001,0,0.19439589558549925,6.469391215872477,0.10375319316172137,0.11036876924084627
SOUTHAMPTON,0,0,1.653595388831144,0,0,0.2656814449917898,5.612019443216969,0.045753785385121794,0.11635944700460829
SOUTHBOROUGH,1.0088635872306695,0,1.0015309115362052,0,0,0.1636563217243788,3.1307834669956818,0.04578995249166077,0.04538562620034368
SOUTHBRIDGE,2.381175109916744,2.378363685784181,8.314456124275665,4.1523312373947086,5.332430487959711,0.1596867955866651,17.865091593905152,0.18527415770824576,0.21398114227373732
SOUTHWICK,1.0393466963622866,0,0,2.0595201318092884,3.0798111049188983,0.2442590876325816,10.448386646179634,0.07247582406155766,0.1021108453779765
SPENCER,0,5.928184281842818,1.6903313049357673,0.8434547908232118,0.8417508417508418,0.2141531713900135,11.352272727272727,0.12163653340123928,0.13615143026907733
SPRINGFIELD,2.0136744268915545,4.216144590593828,4.857791620170661,3.6219464081286823,6.975173548960922,0.13699365512602432,22.794342871024643,0.2869918535922512,0.244673373898026
STERLING,0,0,1.2543004587155964,0,1.245728929384966,0.16575,4.597492276939851,0.05972952667167543,0.10005008765339343
STOCKBRIDGE,0,0,0,10.1010101010101,5.0385086014539695,0.42525252525252527,8.002481389578163,0.09441836202399582,0.20500782472613457
STONEHAM,1.8399384934846466,2.2919408810220747,2.740816632841509,0.9104565939818818,1.8146585525505672,0.20726544361997543,5.7300175470442305,0.04313976918849606,0.06379373511632166
STOUGHTON,1.0811478701386958,1.431390391280788,2.487435910452307,1.7644152727786013,2.4531645823111816,0.19860258310395934,9.28679374055477,0.08301792473041492,0.09555095336713561
STOW,0,0,0,0,0,0.18439314544682056,0.35401915868388173,0.04407165197611601,0.048052317315894225
STURBRIDGE,1.0640238341338848,1.0603490063015026,1.056699474669404,3.159224936815501,0,0.2055602358887953,4.884667571234735,0.040261382799325465,0.09148397976391232
SUDBURY,0,0,0,0,0,0.17997539712253302,0.8854636385996556,0.031135135135135134,0.03956756756756757
SUNDERLAND,0,0,2.728406610539445,2.7307482250136537,2.7330938622520695,0.1570180229382851,6.734434561626429,0.1635410921125207,0.2211803640375069
SUTTON,0,0,0,0,2.060186888382017,0.1598639455782313,3.171806167400881,0.021438878581735724,0.08132343846629561
SWAMPSCOTT,1.4054390491200948,0.6972875514249569,2.0758167350368213,0.6866717022591499,0.6814840776113009,0.19982146535741263,4.525244541053255,0.061281143729613435,0.05447983898952044
SWANSEA,0,0,0,1.8358729575913346,1.2188433176915108,0.20984027905268957,13.224429486127073,0.054846541741891304,0.10882151528357094
TAUNTON,4.076713105746394,3.1827987410262755,7.761509966484389,5.455249357688382,6.4955584424704185,0.1815190229824376,16.06186645413564,0.13771465140256692,0.1656771074056956
TEMPLETON,1.2387845753623443,1.2365088057091376,3.702724147051045,0,1.2297313915289074,0.21079216459282987,9.956076134699854,0.04447506890503633,0.10912052117263844
TEWKSBURY,0.3340539353939689,1.9881468577812282,3.944458270918542,3.260940455227287,1.6176219109198724,0.20843931389812823,6.154264479289404,0.05386276790164479,0.06825053995680345
TISBURY,0,4.929924642580463,2.451924760937336,2.4390243902439024,4.852518110290805,0.15951219512195122,5.420318078545927,0.06877141458639256,0.2261380323054332
TOLLAND,0,0,0,0,14.45385091885195,0.23723723723723725,7.142857142857143,0.07207207207207207,0.07807807807807808
TOPSFIELD,0,0,1.5533118828359036,0,0,0.27601600985221675,2.6599252582985273,0.01396078431372549,0.04768627450980392
TOWNSEND,0,0,0,4.247186239116585,2.107862326477762,0.14090040348269273,5.088184797877322,0.040494092373791625,0.08807733619763695
TRURO,0,0,6.095967952625621,0,0,0.3981012658227848,8.302169035153328,0.1120253164556962,0.12531645569620253
TYNGSBOROUGH,0.845369788899087,1.6717615590370656,0.8266024278494166,1.6350555918901244,3.2346009888637313,0.10456180510137345,4.365761430044689,0.07063074901445467,0.07186268068331143
TYRINGHAM,0,24.570024570024568,0,0,0,0.4328018223234624,2.1447721179624666,0.12529002320185614,0.11832946635730858
UPTON,0,0,1.29241903917876,0,1.2816287670731261,0.15456885456885458,3.0881527231892196,0.04834737524303305,0.04303305249513934
UXBRIDGE,0,0.7292502265884633,0,0,0,0.13601158161418747,5.097113424187144,0.08284714119019837,0.07941948658109685
WAKEFIELD,1.1532885198365626,0,2.6362511432721796,1.864071878611639,1.8454854153924027,0.19837452932185065,6.64697932829471,0.04406101336555161,0.07415238239069698
WALES,0,0,0,0,4.917802444850359,0.20009955201592833,7.355021216407355,0.05681246857717446,0.29512317747611866
WALPOLE,0.4068584713746004,0.8095293165259627,1.610769142265432,1.6025641025641026,1.1958316724560105,0.18681891025641026,5.727482678983834,0.028300735981783433,0.06469320538364576
WALTHAM,1.7773715214300223,0.9645770559270963,1.759501307058114,1.7507002801120448,0.4750873255750818,0.15383880825057294,9.00620396403095,0.09795156280856718,0.11226010305021454
WARE,8.107951583946255,3.040878089749344,10.137581462708184,5.069451485349286,4.056089929308147,0.20815167798844164,8.329730508718836,0.1430029600898234,0.1156476472389507
WAREHAM,5.398249424829377,5.8214292568401795,7.578073258953589,8.431329043709786,7.9516338714359645,0.25209673840692254,8.60494648364274,0.11689830432240364,0.12953717447038188
WARREN,1.9336482417612773,0,0,0,1.9200702197108923,0.10655895364493172,6.495633187772926,0.11290632814002693,0.20542412002308136
WARWICK,0,0,0,0,0,0.23604757548032937,9.079754601226995,0.0614115490375802,0.17140238313473877
WASHINGTON,0,0,0,0,0,0.3166332665330661,3.9603960396039604,0.028169014084507043,0.07243460764587525
WATERTOWN,0.5984005607868113,0.8875927217396816,1.1704070926669816,1.4470523543541807,0.28628803029745326,0.1724886406390183,5.557000111437168,0.08408548302567985,0.05910440808245502
WAYLAND,0,0,0.7353404626341996,0.7299270072992702,0.7245926754031841,0.22043795620437956,1.306981192221868,0.030343007915567283,0.02836411609498681
WEBSTER,2.9659760179653407,3.554382045292983,2.958004783516307,5.317263381779511,5.310137304978887,0.19744771357674584,14.941463825486398,0.12032215090226475,0.187901174760809
WELLESLEY,0,0.3482864307606576,0,0,0,0.1814922079713143,2.0571286944668197,0.043839973899922516,0.03494963500672893
WELLFLEET,0,0,0,3.15357931251971,0,0.43645537685272784,5.164131305044036,0.11290834126228988,0.23437995559784333
WENDELL,0,0,0,0,0,0.2361111111111111,7.380607814761215,0.1755813953488372,0.17209302325581396
WENHAM,0,1.9638097909945296,0,1.9308746862328636,3.8296359110430287,0.18130913303726587,0.9712509712509713,0.016519823788546256,0.0861784140969163
WEST BOYLSTON,1.282638570774164,0,2.5444830155758713,2.534211860111505,1.262011646564624,0.16979219462747086,12.59610665794209,0.08253358925143954,0.05719769673704415
WEST BRIDGEWATER,4.266905071521456,0,1.410778346567778,1.405086412814388,2.7988804478208715,0.19825769284811015,6.43871225754849,0.036095870632399656,0.12301472711521802
WEST BROOKFIELD,0,0,0,0,0,0.2229282499338099,7.173601147776184,0.06485587583148558,0.13968957871396895
WEST NEWBURY,0,0,0,0,0,0.1570957095709571,2.4226968441185845,0.056790666960158484,0.010565705480959718
WEST SPRINGFIELD,2.0366203739622937,2.7096861602779363,1.3519516387585222,1.3490725126475547,4.038616869879611,0.16826306913996628,10.582897721668804,0.1192277677874665,0.19855460930343025
WEST STOCKBRIDGE,0,0,0,0,9.390931043734907,0.37534246575342467,3.977272727272727,0.0695970695970696,0.1336996336996337
WEST TISBURY,3.9132379248658316,0,4.0598538452615704,0,0,0.3086470831609433,1.171303074670571,0.03733221476510067,0.13842281879194632
WESTBOROUGH,0,1.0709586609956856,0,1.0617965597791463,0.5286370227162881,0.14121894245062647,3.5620257085333744,0.050938192829719356,0.06943167685070027
WESTFIELD,1.931367477151233,0.9637791155949786,3.84752796328359,1.919984640122879,3.83244023788504,0.17591859265125878,7.903806097330051,0.08461457732066957,0.16978013328435745
WESTFORD,0.43156330725457925,0,0.42048860776221975,1.2454851164528584,0,0.15037156972640844,2.5290844714213456,0.022977022977022976,0.04945054945054945
WESTHAMPTON,0,0,0,0,0,0.18471687740516768,2.2154316271963332,0.037486218302094816,0.06835722160970231
WESTMINSTER,0,1.336285888821014,0,1.3217023526301876,0,0.18754956383822363,6.208425720620842,0.015533722782793415,0.06160382368560807
WESTON,0,0,0.8390971314865204,0.8314625426124553,0,0.21884094121559824,1.2649800266311584,0.05098873813957613,0.02944045402145961
WESTPORT,1.2746276266433592,0,0.6341039205739546,3.1625553447185326,1.8927785989833075,0.25534471853257434,12.799793690363622,0.045130035696073434,0.12404385517593065
WESTWOOD,0,0.6528571828279908,1.2939001848428835,0,0,0.2229274860550106,2.4870466321243523,0.018558951965065504,0.03397123041356281
WEYMOUTH,4.669754931261207,6.499897858747934,10.524760884818493,10.09748664377903,6.024096385542169,0.19622170408856413,6.842025622919399,0.0663198237396086,0.13095480550258282
WHATELY,0,0,0,0,0,0.21135175504107542,6.26808100289296,0.07554225878833208,0.0800299177262528
WHITMAN,0.6801200897758519,2.032953203353405,0.6751999074011555,0.6727664155005382,0.6703504017314192,0.1521124865446717,6.452897829117705,0.06858719795382648,0.07417379013259742
WILBRAHAM,0,0.6916791004219243,0,0,0,0.21699993128564557,5.640434323051792,0.04032939189189189,0.0620777027027027
WILLIAMSBURG,0,0,0,0,4.030864908441783,0.23297057638049173,3.2241014799154333,0.10802095929060862,0.07779121322047561
WILLIAMSTOWN,1.30222867135469,0,0,0,1.3150479053165507,0.2194674012855831,7.704042715484363,0.11497005988023952,0.08922155688622754
WILMINGTON,0.43443991385677133,1.7247751632376491,0.8559916357388736,1.699379726399864,0.8434801993023213,0.1661568527487467,4.642401409734459,0.029448486674990313,0.08287768545227536
WINCHENDON,0,0,1.8734610855368805,0.9312721177127957,2.7776308131844876,0.18746507729558576,11.502410283877879,0.11197541534620187,0.08297320656871218
WINCHESTER,4.985819552182754,4.047724600528132,4.462919514434358,2.657336463085168,5.274460309686169,0.19881305637982197,2.180931672926138,0.02289016305321627,0.039956996953950906
WINDSOR,0,0,0,0,0,0.20242024202420242,1.4367816091954022,0.05500550055005501,0.0638063806380638
WINTHROP,0,1.0997297806824609,0.545728118251487,4.874878128046799,1.0752770758607977,0.22283609576427257,5.598220053111318,0.08217096336499322,0.1119674355495251
WOBURN,1.2850638860331913,0.25571710382114415,2.2899098575167196,2.5316455696202533,2.0152583849143517,0.19227848101265824,5.6761442441054095,0.05982971346997043,0.10828999694096055
WORCESTER,4.69539593809253,6.532872402891574,5.9170083357696726,6.387251479081751,7.232637236978362,0.14218130050935623,15.274429276890078,0.2176949604428087,0.19694554728026198
WRENTHAM,0.8832473218679419,1.7522998936103635,0.8691657250704645,1.7245839441234803,0.855526087434766,0.15641976373199964,3.2510922641994346,0.050581600281988014,0.05833627070849489
YARMOUTH,0.8473806857730836,1.2736458415463274,2.5524622144432896,3.4102050385779443,1.7085776701102642,0.33662986487062535,5.042379744101927,0.0686426116838488,0.13389175257731958
