town,ovr_65c,alprazolam_2013,alprazolam_2014,alprazolam_2015,alprazolam_2016,alprazolam_2017,diazepam_2013,diazepam_2014,diazepam_2015,diazepam_2016,diazepam_2017,lorazepam_2013,lorazepam_2014,lorazepam_2015,lorazepam_2016,lorazepam_2017,opi_2013,opi_2014,opi_2015,opi_2016,opi_2017,tot_benzo_2013,tot_benzo_2014,tot_benzo_2015,tot_benzo_2016,tot_benzo_2017
ABINGTON,2469,457,413,385,284,275,135,108,136,64,82,375,380,374,403,398,52298,38507,57814,60309,57473,967,901,895,751,755
ACTON,4001,179,158,209,216,235,153,126,121,123,181,717,854,829,914,1094,58631,69161,66124,69730,78818,1049,1138,1159,1253,1510
ACUSHNET,2431,0,0,0,0,0,0,0,0,0,0,0,0,0,0,0,0,0,0,0,0,0,0,0,0,0
ADAMS,1764,128,155,200,235,279,71,80,101,117,97,727,715,779,893,894,37735,37971,37545,42310,44447,926,950,1080,1245,1270
AGAWAM,6195,527,703,686,538,390,144,201,225,179,164,1343,1422,1306,1282,1030,100941,98585,95356,98081,98170,2014,2326,2217,1999,1584
ALFORD,219,0,0,0,0,0,0,0,0,0,0,0,0,0,0,0,0,0,0,0,0,0,0,0,0,0
AMESBURY,2949,742,793,787,903,686,470,517,510,502,277,1317,1367,1298,1395,1086,39119,38672,35388,42607,39318,2529,2677,2595,2800,2049
AMHERST,3465,158,422,292,307,220,134,229,108,173,110,539,667,532,762,631,28530,34666,27375,39937,39816,831,1318,932,1242,961
ANDOVER,5881,298,432,734,624,585,134,182,220,149,128,651,818,1048,943,863,68409,79597,102527,115101,100736,1083,1432,2002,1716,1576
AQUINNAH,66,0,0,0,0,0,0,0,0,0,0,0,0,0,0,0,0,0,0,0,0,0,0,0,0,0
ARLINGTON,8208,367,417,338,335,392,290,272,306,293,315,1104,1283,1265,1370,1456,88082,89229,95224,94719,91168,1761,1972,1909,1998,2163
ASHBURNHAM,776,12,0,11,0,0,34,31,28,0,0,212,121,186,103,95,12238,4213,6585,7267,6958,258,152,225,103,95
ASHBY,496,0,0,0,0,0,0,0,0,0,0,0,0,0,0,0,0,0,0,0,0,0,0,0,0,0
ASHFIELD,340,69,125,132,78,0,74,108,96,68,0,164,238,203,138,0,14186,13943,15978,13025,NA,307,471,431,284,0
ASHLAND,2943,57,54,118,211,176,0,0,0,26,31,136,126,171,258,246,20027,21064,22398,26754,27253,193,180,289,495,453
ATHOL,2196,202,177,327,148,159,221,172,163,99,78,539,608,677,775,437,68151,67712,70033,66503,49656,962,957,1167,1022,674
ATTLEBORO,6953,787,1122,885,812,945,359,482,470,541,676,1582,2348,1993,2226,2283,173948,202082,194936,204425,214826,2728,3952,3348,3579,3904
AUBURN,3659,741,895,873,860,889,588,660,628,608,612,2663,3162,2943,2749,2808,161714,179199,165765,169516,162648,3992,4717,4444,4217,4309
AVON,819,82,50,42,18,0,11,0,0,0,0,108,69,59,52,35,6944,5965,5158,4932,4423,201,119,101,70,35
AYER,1102,63,85,34,55,65,14,58,0,49,63,292,215,84,284,290,30785,29952,20479,23298,24841,369,358,118,388,418
BARNSTABLE,11869,2025,2762,2569,3097,3279,944,1294,963,1214,1240,6037,7009,6853,8400,8619,431223,535290,562909,623234,632552,9006,11065,10385,12711,13138
BARRE,752,54,94,94,102,96,146,200,295,257,331,279,276,355,408,435,29619,31984,38554,41701,43441,479,570,744,767,862
BECKET,421,0,0,0,0,0,0,0,0,0,0,0,0,0,0,0,0,0,0,0,0,0,0,0,0,0
BEDFORD,3078,0,0,32,48,48,20,34,15,0,0,171,186,166,117,207,7545,10841,8327,9812,12185,191,220,213,165,255
BELCHERTOWN,2721,152,167,145,197,129,52,96,165,166,116,609,776,806,939,924,50765,55166,70111,46946,40454,813,1039,1116,1302,1169
BELLINGHAM,2330,91,97,78,115,49,0,58,59,51,22,83,143,154,243,170,13058,15645,17385,22185,21614,174,298,291,409,241
BELMONT,5009,514,501,1065,573,529,233,247,350,258,248,1935,1940,2549,2111,2069,63856,67649,80318,78199,82233,2682,2688,3964,2942,2846
BERKLEY,847,0,0,29,38,26,0,0,0,0,0,17,0,110,130,83,221,120,438,518,352,17,0,139,168,109
BERLIN,614,0,0,0,0,25,0,0,0,0,0,0,0,0,0,55,2546,2529,2370,2349,11746,0,0,0,0,80
BERNARDSTON,261,0,0,0,0,0,0,0,0,0,0,0,0,0,18,0,107,37,380,1747,47,0,0,0,18,0
BEVERLY,7488,756,732,763,830,829,471,362,377,380,338,2294,2192,2578,2712,2538,237253,220763,243965,256113,256083,3521,3286,3718,3922,3705
BILLERICA,7375,382,366,346,432,369,100,148,100,114,133,907,685,705,818,759,63861,59556,61866,69506,66367,1389,1199,1151,1364,1261
BLACKSTONE,1238,0,0,0,0,0,0,0,0,0,0,0,0,0,0,0,71,84,106,87,133,0,0,0,0,0
BLANDFORD,306,0,0,0,0,0,0,0,0,0,0,0,0,0,0,0,0,0,0,0,0,0,0,0,0,0
BOLTON,716,0,11,0,15,36,0,0,0,12,15,19,19,0,13,20,2756,3182,911,3498,2986,19,30,0,40,71
BOSTON,85040,9748,11142,11225,11780,12443,7912,8148,7883,8259,8595,37963,40405,41756,45349,46168,4400454,4583926,4753841,5198350,5442227,55623,59695,60864,65388,67206
BOURNE,4614,261,152,137,128,123,68,29,37,27,51,476,377,308,239,252,37644,24211,17219,19839,22874,805,558,482,394,426
BOXBOROUGH,739,0,0,0,0,0,0,0,0,0,0,0,0,0,0,0,NA,16,NA,12,17,0,0,0,0,0
BOXFORD,1698,141,101,21,58,123,63,26,0,12,21,279,221,125,177,404,9906,10498,16912,31804,35768,483,348,146,247,548
BOYLSTON,660,0,0,0,0,0,0,0,0,0,0,0,0,0,0,0,135,163,NA,26,32,0,0,0,0,0
BRAINTREE,7407,1210,1221,1189,1151,1231,541,516,467,486,576,3254,3585,3713,3901,4342,194237,200412,203209,216974,244328,5005,5322,5369,5538,6149
BREWSTER,3274,245,287,309,319,355,92,118,159,168,172,531,520,572,644,654,35906,35897,39500,40971,42323,868,925,1040,1131,1181
BRIDGEWATER,4382,743,719,444,481,440,135,154,135,120,157,582,531,338,328,403,34627,35410,33210,37846,38650,1460,1404,917,929,1000
BRIMFIELD,839,52,75,38,0,0,18,20,0,0,0,116,81,58,66,0,8666,10391,4758,3980,NA,186,176,96,66,0
BROCKTON,13445,4267,5018,5838,6202,5764,1768,1696,1673,1688,1511,7548,8071,8557,9228,8462,682343,733513,745450,781713,794773,13583,14785,16068,17118,15737
BROOKFIELD,791,0,0,0,0,0,0,0,0,0,0,0,0,0,0,0,NA,NA,NA,67,NA,0,0,0,0,0
BROOKLINE,10353,1766,1843,2112,2105,2499,1228,1224,1098,1098,962,7177,6557,7515,8247,7831,455362,459284,508258,502763,476829,10171,9624,10725,11450,11292
BUCKLAND,538,0,0,0,0,0,0,0,0,0,0,0,0,0,0,0,52,45,58,51,30,0,0,0,0,0
BURLINGTON,6078,2620,2563,2529,2899,2922,996,1207,953,945,921,6285,6316,6135,7628,7582,547537,559438,576884,668276,690767,9901,10086,9617,11472,11425
CAMBRIDGE,14462,1557,1723,1880,1866,2009,1109,1159,1258,1211,1273,5564,6071,6566,6900,7051,518008,531021,562093,589600,600530,8230,8953,9704,9977,10333
CANTON,4471,285,359,481,581,536,115,135,163,165,183,449,596,600,739,762,40552,44415,49415,56221,62360,849,1090,1244,1485,1481
CARLISLE,1212,40,20,22,21,30,15,0,0,0,0,110,39,70,24,0,2094,1482,1269,1052,858,165,59,92,45,30
CARVER,2787,19,21,13,11,17,20,18,18,23,23,84,82,89,81,97,5776,5414,4580,4859,4904,123,121,120,115,137
CHARLEMONT,NA,0,0,0,0,0,0,0,0,0,0,0,0,0,0,0,0,0,0,0,0,0,0,0,0,0
CHARLTON,1741,248,323,384,271,282,107,119,117,85,86,1336,1346,1293,930,1033,64494,73930,73279,66552,76938,1691,1788,1794,1286,1401
CHATHAM,2217,250,237,255,217,254,109,110,106,116,123,616,493,449,557,617,26466,15069,14168,15330,14655,975,840,810,890,994
CHELMSFORD,7918,2488,2816,2901,3138,3121,767,825,795,757,650,4062,4238,4257,4743,4736,323000,331875,334158,374730,388131,7317,7879,7953,8638,8507
CHELSEA,4121,701,728,633,689,611,364,332,263,259,285,1503,1544,1367,1478,1441,118210,120897,115609,116057,110235,2568,2604,2263,2426,2337
CHESHIRE,979,0,0,0,0,0,0,0,0,0,0,0,0,0,0,0,0,0,0,0,0,0,0,0,0,0
CHESTER,228,54,43,42,50,62,37,34,32,32,23,101,83,80,113,130,8610,6456,5198,6939,6194,192,160,154,195,215
CHESTERFIELD,217,0,0,0,0,0,0,0,0,0,0,0,0,0,0,0,0,0,0,0,0,0,0,0,0,0
CHICOPEE,11408,439,556,621,848,696,174,242,351,310,308,2080,2266,2552,2774,2664,168445,182890,208618,234696,237431,2693,3064,3524,3932,3668
CHILMARK,96,0,0,0,0,0,0,0,0,0,0,0,0,0,0,0,34,72,27,56,NA,0,0,0,0,0
CLARKSBURG,494,0,0,0,0,0,0,0,0,0,0,0,0,0,0,0,0,0,0,0,0,0,0,0,0,0
CLINTON,2080,178,165,174,204,202,174,171,160,190,137,507,497,548,621,517,34806,35707,31047,33011,30384,859,833,882,1015,856
COHASSET,1327,96,76,33,106,131,45,13,12,39,28,89,112,142,137,154,14194,15061,15154,20699,20864,230,201,187,282,313
COLRAIN,230,0,0,0,0,0,0,0,0,0,0,0,0,0,0,0,0,0,0,0,0,0,0,0,0,0
CONCORD,4384,566,615,684,683,750,450,488,535,519,477,2581,2760,2913,3193,3264,186845,191350,198510,208935,205500,3597,3863,4132,4395,4491
CONWAY,448,0,0,0,0,0,0,0,0,0,0,0,0,0,0,0,106,80,56,46,49,0,0,0,0,0
CUMMINGTON,253,0,0,0,0,0,0,0,0,0,0,0,0,0,0,0,NA,NA,NA,NA,320,0,0,0,0,0
DALTON,1528,233,304,258,151,95,139,154,177,118,114,701,829,814,656,676,31966,33130,33229,27644,29414,1073,1287,1249,925,885
DANVERS,6258,1240,1428,1419,1820,1783,213,211,316,466,419,2474,2681,3207,4394,4369,165937,183603,183966,213085,216564,3927,4320,4942,6680,6571
DARTMOUTH,7495,5205,5069,6045,6556,6642,1204,1265,1308,1165,1178,5307,5406,5820,6212,6021,541868,535505,620356,653266,658146,11716,11740,13173,13933,13841
DEDHAM,5921,1291,1303,1330,1435,1526,370,382,394,440,356,2302,2565,2644,3050,3069,113581,119683,120952,140113,156241,3963,4250,4368,4925,4951
DEERFIELD,1066,39,32,37,85,55,97,59,58,82,73,153,139,236,380,281,12881,10039,14311,17199,13803,289,230,331,547,409
DENNIS,6539,78,96,123,107,109,37,26,40,24,28,211,224,266,355,386,16762,17536,19526,20411,20720,326,346,429,486,523
DIGHTON,1335,181,228,278,332,357,26,33,16,20,23,216,222,213,244,230,17146,18114,19894,22874,23487,423,483,507,596,610
DOUGLAS,1012,49,65,78,104,159,0,0,11,0,0,77,61,89,110,120,7957,7961,8003,10515,11094,126,126,178,214,279
DOVER,1156,13,0,0,0,0,0,0,0,0,0,158,0,0,0,0,2633,141,192,160,118,171,0,0,0,0
DRACUT,5550,354,411,473,521,535,189,220,196,171,171,193,205,249,234,232,27217,28551,28816,29997,30978,736,836,918,926,938
DUDLEY,1538,0,0,0,0,0,0,0,0,0,0,20,0,0,0,0,1167,173,164,196,130,20,0,0,0,0
DUNSTABLE,569,0,0,0,0,0,0,0,0,0,0,0,0,0,0,0,0,0,0,0,0,0,0,0,0,0
DUXBURY,3099,508,468,373,322,300,98,115,86,86,114,417,540,411,337,338,23168,25135,29641,32783,34658,1023,1123,870,745,752
EAST BRIDGEWATER,2705,664,713,630,736,907,110,80,155,116,115,577,575,454,573,695,65660,64934,63126,74689,85520,1351,1368,1239,1425,1717
EAST BROOKFIELD,166,0,0,0,0,0,0,0,0,0,0,0,0,0,0,0,0,0,0,0,0,0,0,0,0,0
EAST LONGMEADOW,3613,197,261,309,409,472,56,120,98,163,145,1206,1375,1585,1687,1719,90790,98772,105512,123614,126138,1459,1756,1992,2259,2336
EASTHAM,2242,0,0,0,0,0,0,0,0,0,0,0,0,0,0,0,155,111,99,119,88,0,0,0,0,0
EASTHAMPTON,3197,237,371,320,196,196,128,156,114,70,90,747,833,658,447,536,44100,49896,42184,35604,38779,1112,1360,1092,713,822
EASTON,3963,857,1000,1368,1225,1108,306,324,417,345,300,1340,1564,2056,1798,1714,121793,130458,120394,126035,133648,2503,2888,3841,3368,3122
EDGARTOWN,746,0,0,0,0,0,0,0,0,0,0,16,16,45,51,64,689,785,4933,4010,3818,16,16,45,51,64
EGREMONT,NA,0,0,0,0,0,0,0,0,0,0,0,0,0,0,0,0,0,0,0,0,0,0,0,0,0
ERVING,350,0,0,0,0,0,0,0,0,0,0,0,0,0,0,0,0,0,0,0,0,0,0,0,0,0
ESSEX,749,0,0,0,0,0,0,0,0,0,0,0,0,0,0,0,63,68,67,82,94,0,0,0,0,0
EVERETT,5667,1388,1185,1232,1524,1636,341,365,467,696,630,2057,2076,2306,3112,3043,138937,138182,132112,145788,158165,3786,3626,4005,5332,5309
FAIRHAVEN,4022,721,822,910,1104,976,110,92,125,82,99,871,1035,1350,1619,1374,62316,78840,92044,110870,107062,1702,1949,2385,2805,2449
FALL RIVER,15767,14068,15471,16304,15734,15550,6189,6307,5822,5542,5253,13233,14525,15344,15779,15837,1135642,1197703,1225623,1283892,1285705,33490,36303,37470,37055,36640
FALMOUTH,10759,674,672,746,703,654,234,215,224,233,256,2092,1886,2072,2146,2297,173244,153694,165459,176330,194329,3000,2773,3042,3082,3207
FITCHBURG,6653,666,779,823,797,1209,600,581,612,572,629,2933,3042,3110,2841,3152,157088,179690,187503,192710,205272,4199,4402,4545,4210,4990
FLORIDA,152,0,0,0,0,0,0,0,0,0,0,0,0,0,0,0,0,0,0,0,0,0,0,0,0,0
FOXBOROUGH,3193,423,506,558,446,532,214,196,200,198,214,1393,1643,1832,1768,1717,90766,96313,99853,98039,95240,2030,2345,2590,2412,2463
FRAMINGHAM,11768,1836,1948,2440,3050,2806,777,756,802,848,1034,3085,3354,3714,4467,4794,290862,298587,319798,356512,352574,5698,6058,6956,8365,8634
FRANKLIN,4386,733,667,784,851,803,410,454,380,395,456,669,732,781,956,1076,67399,64600,69859,75856,87757,1812,1853,1945,2202,2335
FREETOWN,1599,0,0,0,0,0,0,0,0,0,0,0,0,0,0,0,233,142,94,156,127,0,0,0,0,0
GARDNER,3514,331,422,373,406,419,304,351,403,380,387,1786,1733,1660,1827,1686,136172,141071,147507,164208,178625,2421,2506,2436,2613,2492
GEORGETOWN,1521,54,56,33,60,238,33,16,14,12,49,154,171,66,94,183,10984,10213,4649,5291,8225,241,243,113,166,470
GILL,683,0,0,0,0,0,0,0,0,0,0,0,0,0,0,0,0,0,0,0,0,0,0,0,0,0
GLOUCESTER,7011,720,722,740,848,950,270,255,304,328,373,2025,2295,2275,2024,2342,129068,127807,134150,138745,151299,3015,3272,3319,3200,3665
GOSHEN,208,39,0,41,77,126,0,13,0,0,66,103,0,75,175,243,2865,3808,2825,6182,17438,142,13,116,252,435
GOSNOLD,15,0,0,0,0,0,0,0,0,0,0,0,0,0,0,0,0,0,0,0,0,0,0,0,0,0
GRAFTON,2868,126,102,99,122,162,134,119,89,117,100,502,537,523,525,533,28298,25691,25492,28383,28337,762,758,711,764,795
GRANBY,996,0,0,0,0,0,0,0,0,0,0,0,0,0,0,0,0,0,0,0,0,0,0,0,0,0
GRANVILLE,302,0,0,0,0,0,0,0,0,0,0,0,0,0,0,0,0,0,0,0,0,0,0,0,0,0
GREAT BARRINGTON,1521,274,305,242,311,338,217,220,195,215,223,1280,1218,1247,1291,1557,87907,86822,87062,97643,107306,1771,1743,1684,1817,2118
GREENFIELD,3795,296,450,512,734,596,223,305,365,345,336,1482,1542,1612,1593,1711,150155,164665,168865,189097,198334,2001,2297,2489,2672,2643
GROTON,1986,94,72,127,146,119,73,125,106,119,103,173,172,164,209,277,28159,27716,32440,32700,33036,340,369,397,474,499
GROVELAND,1246,0,0,0,0,20,0,0,0,0,0,0,11,0,0,13,174,381,229,190,461,0,11,0,0,33
HADLEY,1460,218,241,234,263,337,330,363,309,389,386,915,1080,1397,1446,1461,33031,33657,43915,49812,49722,1463,1684,1940,2098,2184
HALIFAX,1432,140,148,181,224,252,0,44,32,65,77,180,199,211,208,241,9258,10724,11403,13379,13944,320,391,424,497,570
HAMILTON,1294,328,308,335,375,346,219,199,219,200,152,610,680,670,721,606,52549,48308,49605,53435,46298,1157,1187,1224,1296,1104
HAMPDEN,1378,0,0,0,0,0,0,0,0,0,0,0,0,0,0,0,NA,20,15,61,74,0,0,0,0,0
HANCOCK,150,0,0,0,0,0,0,0,0,0,0,0,0,0,0,0,0,0,0,0,0,0,0,0,0,0
HANOVER,2744,62,51,145,247,234,59,15,18,64,96,277,203,235,338,387,22203,19603,18924,23616,25783,398,269,398,649,717
HANSON,1885,33,53,32,91,42,0,0,0,0,0,26,40,62,135,59,4794,5075,5642,9804,8351,59,93,94,226,101
HARDWICK,765,18,44,0,13,0,62,47,0,15,12,139,137,0,183,190,15923,16787,1886,13369,14411,219,228,0,211,202
HARVARD,1216,59,155,143,138,130,45,48,92,70,115,206,302,511,510,544,25558,30450,34234,40144,39624,310,505,746,718,789
HARWICH,4561,425,522,580,576,559,143,177,185,199,220,930,968,1017,1179,1140,76516,74688,82277,90570,94059,1498,1667,1782,1954,1919
HATFIELD,1052,0,0,21,0,14,35,47,0,0,35,95,143,119,154,113,4263,5732,2518,2550,2684,130,190,140,154,162
HAVERHILL,9035,1411,1945,2221,2228,2325,300,524,508,472,449,2234,3013,3132,2865,2780,229012,230465,235251,224952,230996,3945,5482,5861,5565,5554
HAWLEY,267,0,0,0,0,0,0,0,0,0,0,0,0,0,0,0,0,0,0,0,0,0,0,0,0,0
HEATH,330,0,0,0,0,0,0,0,0,0,0,0,0,0,0,0,0,0,0,0,0,0,0,0,0,0
HINGHAM,5578,684,794,834,898,942,157,197,285,286,250,1164,1297,1205,1430,1644,57431,57725,57455,69692,74037,2005,2288,2324,2614,2836
HINSDALE,413,0,0,0,0,0,0,0,0,0,0,0,0,0,0,0,0,0,0,0,0,0,0,0,0,0
HOLBROOK,2140,70,55,42,45,17,0,14,14,0,12,23,18,18,40,32,5966,6201,5985,5718,4908,93,87,74,85,61
HOLDEN,3495,177,186,169,173,223,176,161,149,164,173,456,632,539,572,758,40903,44456,41295,40266,46085,809,979,857,909,1154
HOLLAND,457,0,0,0,0,0,0,0,0,0,0,0,0,0,0,0,0,0,0,0,0,0,0,0,0,0
HOLLISTON,2302,159,240,220,168,176,54,77,52,60,44,115,188,167,244,199,18121,22210,21027,18144,19043,328,505,439,472,419
HOLYOKE,6570,1221,1345,1631,1656,1705,1281,1217,1118,925,962,4781,4757,5445,5218,5615,324340,346638,355140,373069,384938,7283,7319,8194,7799,8282
HOPEDALE,1038,143,156,167,200,135,136,143,214,207,217,194,165,209,312,267,22009,24514,25545,27566,25207,473,464,590,719,619
HOPKINTON,2034,28,36,60,121,99,0,17,26,34,46,139,157,212,248,211,11494,11683,15762,19242,18417,167,210,298,403,356
HUBBARDSTON,648,0,0,0,0,0,0,0,0,0,0,0,0,0,0,0,NA,NA,NA,NA,20,0,0,0,0,0
HUDSON,4264,142,123,87,78,74,56,59,59,39,66,616,679,680,575,550,39378,35991,35978,36307,38327,814,861,826,692,690
HULL,2299,70,57,41,65,112,0,0,0,0,13,100,101,54,76,155,11443,11125,7044,9096,11622,170,158,95,141,280
HUNTINGTON,375,0,26,0,17,11,0,0,0,27,43,11,52,26,52,108,2712,5076,3466,3581,4775,11,78,26,96,162
IPSWICH,2731,218,225,316,279,282,86,89,85,100,41,688,785,787,780,815,47932,48772,51125,56960,53388,992,1099,1188,1159,1138
KINGSTON,2557,218,229,232,314,306,35,34,30,50,37,304,316,374,413,373,30551,30026,31608,36514,37399,557,579,636,777,716
LAKEVILLE,2059,132,142,125,131,58,55,39,66,66,33,372,327,259,207,154,27438,27169,23668,22652,20069,559,508,450,404,245
LANCASTER,1380,143,151,151,151,144,165,197,175,166,186,284,335,342,292,248,26553,28922,29649,30437,30390,592,683,668,609,578
LANESBOROUGH,637,0,0,0,0,0,12,0,0,0,0,0,0,14,15,28,1567,1706,1767,1719,1700,12,0,14,15,28
LAWRENCE,9018,1391,1499,1645,1935,2022,772,770,648,852,835,2577,2720,2835,3452,3403,410878,425257,443486,483023,512783,4740,4989,5128,6239,6260
LEE,1686,337,334,306,383,319,60,49,64,60,35,813,887,887,910,936,62822,64664,64236,66695,69994,1210,1270,1257,1353,1290
LEICESTER,2280,0,0,0,0,0,0,0,0,0,0,15,67,24,0,0,685,2664,2127,929,642,15,67,24,0,0
LENOX,1974,0,0,23,0,25,68,68,24,30,25,182,187,187,249,216,6096,5819,4933,7286,10319,250,255,234,279,266
LEOMINSTER,8124,1766,1989,2245,2050,1981,941,1017,1136,941,1081,4798,5402,5915,5558,5949,303495,337403,343379,331842,372800,7505,8408,9296,8549,9011
LEVERETT,627,0,0,0,0,0,0,0,0,0,0,0,0,0,0,0,20,13,NA,NA,NA,0,0,0,0,0
LEXINGTON,6789,277,370,595,619,673,121,95,157,231,291,1461,1690,1766,1883,2059,104748,109839,108385,115500,126475,1859,2155,2518,2733,3023
LEYDEN,443,0,0,0,0,0,0,0,0,0,0,0,0,0,0,0,0,0,0,0,0,0,0,0,0,0
LINCOLN,1290,215,175,256,287,286,105,69,82,66,98,412,372,434,480,472,29358,27183,28697,31835,32207,732,616,772,833,856
LITTLETON,1712,41,49,68,93,104,11,14,13,27,45,19,57,114,191,208,1399,1982,2740,3762,4289,71,120,195,311,357
LONGMEADOW,3607,292,351,222,237,273,168,211,90,49,26,967,995,531,401,440,33719,35465,28674,27502,28665,1427,1557,843,687,739
LOWELL,13040,3630,4144,3988,4701,4273,657,749,792,882,749,3927,4076,4303,4815,4277,366232,385115,408038,433240,418871,8214,8969,9083,10398,9299
LUDLOW,4079,508,537,503,428,506,287,238,360,192,159,1280,1361,1395,1210,1384,78658,81995,86154,98424,106065,2075,2136,2258,1830,2049
LUNENBURG,2082,15,11,12,119,45,0,0,0,39,0,52,111,117,492,314,8806,8516,7285,24165,20070,67,122,129,650,359
LYNN,12037,3548,3812,3601,4031,3597,1544,1551,1430,1634,1384,4227,4464,4370,4806,4713,378046,384074,398564,411547,413097,9319,9827,9401,10471,9694
LYNNFIELD,3002,146,171,183,229,227,49,59,67,85,46,110,183,214,224,311,12376,12673,13975,18377,16859,305,413,464,538,584
MALDEN,8687,363,580,244,355,456,298,290,258,222,187,808,1060,659,617,988,69384,78979,46420,49066,59923,1469,1930,1161,1194,1631
MANCHESTER,1459,92,106,75,138,100,15,12,29,0,0,174,198,293,445,367,25074,26463,24690,28562,26237,281,316,397,583,467
MANSFIELD,2603,206,177,130,179,194,194,113,104,122,144,374,317,346,485,494,47386,39070,36945,41386,39889,774,607,580,786,832
MARBLEHEAD,5386,110,78,76,110,150,13,21,16,0,15,541,446,424,401,418,27819,27471,22482,21302,21977,664,545,516,511,583
MARION,1602,0,0,0,11,0,0,0,0,0,0,16,14,19,0,12,580,661,717,630,578,16,14,19,11,12
MARLBOROUGH,6257,865,933,801,724,591,354,304,297,251,217,1734,1850,1666,1760,1556,143423,145809,138016,137704,124110,2953,3087,2764,2735,2364
MARSHFIELD,5148,203,113,162,174,284,140,90,107,105,133,435,335,357,551,516,27746,26894,25158,25455,28514,778,538,626,830,933
MASHPEE,4923,262,230,221,271,528,226,176,163,185,216,740,736,677,771,924,59626,54732,56536,63183,66799,1228,1142,1061,1227,1668
MATTAPOISETT,1518,56,46,69,57,46,206,223,203,206,184,430,491,666,747,686,8615,9045,11222,11626,11509,692,760,938,1010,916
MAYNARD,1946,0,0,0,0,0,0,0,0,0,0,22,29,29,0,0,282,289,266,113,59,22,29,29,0,0
MEDFIELD,1841,81,86,99,82,102,44,88,70,78,49,98,141,263,249,155,12663,13870,15901,16281,13785,223,315,432,409,306
MEDFORD,9640,1014,1060,889,1051,1111,492,363,341,352,382,3875,3804,3321,3367,3534,279173,280878,276709,277019,272275,5381,5227,4551,4770,5027
MEDWAY,1831,227,334,356,276,304,46,26,48,20,46,175,187,152,202,248,25772,27103,26408,27998,30383,448,547,556,498,598
MELROSE,5262,1531,1509,1558,1590,1515,240,260,244,323,307,1208,1389,1301,1572,1652,130083,128684,134911,150409,149846,2979,3158,3103,3485,3474
MENDON,982,213,262,287,239,240,30,68,54,18,40,319,380,383,245,252,18656,20249,21510,19579,19410,562,710,724,502,532
MERRIMAC,1605,30,27,50,87,102,0,0,17,14,13,133,139,167,195,106,6139,6178,8314,10200,7101,163,166,234,296,221
METHUEN,8315,1050,875,942,962,790,428,376,314,378,225,1735,1617,1488,1496,1404,147843,161791,167208,183805,172079,3213,2868,2744,2836,2419
MIDDLEBOROUGH,5181,740,843,884,1056,1088,187,256,198,198,166,854,1034,1049,1064,1146,66505,75095,90462,100245,96298,1781,2133,2131,2318,2400
MIDDLEFIELD,374,0,0,0,0,0,0,0,0,0,0,0,0,0,0,0,0,0,0,0,0,0,0,0,0,0
MIDDLETON,1998,146,238,244,346,358,111,109,165,163,143,201,248,248,363,491,16916,17450,18787,24444,25583,458,595,657,872,992
MILFORD,4457,1533,1608,1493,1584,1456,484,486,500,534,431,1771,2089,2031,2143,2047,144462,160160,151404,168268,166366,3788,4183,4024,4261,3934
MILLBURY,2982,413,467,446,445,392,157,235,206,208,210,1160,1410,1531,1448,1441,57477,60204,64940,61584,60200,1730,2112,2183,2101,2043
MILLIS,1500,90,116,117,97,114,16,20,28,30,12,161,175,164,144,146,11977,12707,12579,10722,10800,267,311,309,271,272
MILLVILLE,348,0,0,0,0,0,0,0,0,0,0,0,0,0,0,0,0,0,0,0,0,0,0,0,0,0
MILTON,4936,983,1140,1069,1256,1306,332,427,507,538,525,1501,2015,1908,2279,2197,150537,176180,169497,184261,200444,2816,3582,3484,4073,4028
MONROE,NA,69,25,87,148,86,56,31,93,85,58,448,213,554,625,436,28146,13948,21821,27455,38599,573,269,734,858,580
MONSON,1884,0,11,49,65,14,0,23,12,18,28,126,125,267,258,232,12413,12573,23159,17114,14022,126,159,328,341,274
MONTAGUE,1723,181,231,213,266,306,147,185,100,146,148,1010,1182,760,1054,1024,88010,86343,81602,87488,82677,1338,1598,1073,1466,1478
MONTEREY,338,0,0,0,0,0,0,0,0,0,0,0,0,0,0,0,102,73,87,88,109,0,0,0,0,0
MONTGOMERY,148,0,0,0,0,0,0,0,0,0,0,0,0,0,0,0,0,0,0,0,0,0,0,0,0,0
MOUNT WASHINGTON,468,0,0,0,0,0,0,0,0,0,0,0,0,0,0,0,0,0,0,0,0,0,0,0,0,0
NAHANT,635,0,0,0,0,0,0,0,0,0,0,0,0,0,0,0,0,0,0,0,0,0,0,0,0,0
NANTUCKET,1596,103,121,147,159,180,97,82,106,127,120,242,264,251,298,408,24330,25782,27592,27641,30971,442,467,504,584,708
NATICK,6353,848,967,834,1045,1011,362,407,325,339,245,2096,2250,2021,2319,2086,126461,126685,117455,129474,128824,3306,3624,3180,3703,3342
NEEDHAM,6009,441,346,320,322,398,255,237,266,220,197,1407,1557,1494,1599,1524,101705,102830,103806,121220,122808,2103,2140,2080,2141,2119
NEW ASHFORD,81,0,0,0,0,0,0,0,0,0,0,0,0,0,0,0,0,0,0,0,0,0,0,0,0,0
NEW BEDFORD,15759,6104,6009,5728,5515,5256,966,1121,1035,853,756,5291,5396,5178,5248,4923,413741,426057,425398,429597,417002,12361,12526,11941,11616,10935
NEW BRAINTREE,179,0,0,0,0,0,0,0,0,0,0,0,0,0,0,0,0,0,0,0,0,0,0,0,0,0
NEW MARLBOROUGH,448,0,0,0,0,0,0,0,0,0,0,0,0,0,0,0,0,0,0,0,0,0,0,0,0,0
NEW SALEM,268,0,0,0,0,0,0,0,0,0,0,0,0,0,0,0,0,0,0,0,0,0,0,0,0,0
NEWBURY,1535,25,37,50,30,53,29,15,18,28,27,92,146,156,171,230,5726,6129,5746,6752,6846,146,198,224,229,310
NEWBURYPORT,3784,1338,1263,1435,1789,1773,387,393,401,509,527,2339,2435,2534,3087,3107,204248,204644,194003,214856,217678,4064,4091,4370,5385,5407
NEWTON,15985,2341,2520,2472,2547,2693,1002,1012,954,870,1211,6390,6815,6406,6999,7361,389552,443189,417798,430168,467835,9733,10347,9832,10416,11265
NORFOLK,1542,0,0,0,219,229,17,29,22,13,13,0,65,107,651,625,1266,4222,5335,33179,30764,17,94,129,883,867
NORTH ADAMS,2823,175,242,178,112,143,89,101,89,98,69,642,979,915,734,808,41805,53642,45046,44872,37135,906,1322,1182,944,1020
NORTH ANDOVER,4474,1993,2043,2151,1735,1979,422,407,394,324,408,1771,1832,2037,1907,2145,175230,176005,160120,162138,167973,4186,4282,4582,3966,4532
NORTH ATTLEBOROUGH,4282,148,147,178,151,220,93,104,73,71,72,332,372,418,427,441,27628,29207,39098,40779,41974,573,623,669,649,733
NORTH BROOKFIELD,1019,60,54,54,56,61,32,36,17,19,23,20,20,37,65,55,3265,3200,3327,3683,3284,112,110,108,140,139
NORTH READING,2862,84,127,103,85,112,37,11,20,0,0,238,329,326,396,318,21404,22710,23130,27300,27253,359,467,449,481,430
NORTHAMPTON,4975,747,841,1134,1277,1686,545,586,739,725,915,4563,4441,4687,4964,5319,253300,247092,256696,306505,369957,5855,5868,6560,6966,7920
NORTHBOROUGH,2753,253,187,177,282,346,83,119,106,141,184,462,457,448,603,760,42775,39265,42552,51020,47070,798,763,731,1026,1290
NORTHBRIDGE,2504,171,185,187,173,198,77,108,69,73,38,352,371,392,529,554,20921,21654,21899,23880,25453,600,664,648,775,790
NORTHFIELD,422,0,0,0,0,0,0,0,0,0,0,0,0,0,0,0,0,0,0,0,0,0,0,0,0,0
NORTON,2838,100,73,80,125,191,65,28,28,44,49,289,122,153,188,271,20738,11555,14873,15987,18173,454,223,261,357,511
NORWELL,1977,1028,1219,1266,1279,1272,240,333,271,328,427,917,1128,1366,1487,1567,86191,91776,98824,109039,122222,2185,2680,2903,3094,3266
NORWOOD,5698,1460,1526,1304,1432,1373,937,958,844,804,904,4695,4912,4752,4801,4980,295449,304509,283981,298040,293802,7092,7396,6900,7037,7257
OAK BLUFFS,1370,193,254,443,400,289,222,251,294,321,169,949,1162,1401,1231,1088,51716,57010,69742,71172,62345,1364,1667,2138,1952,1546
OAKHAM,265,0,0,0,0,0,0,0,0,0,0,0,0,0,0,0,0,0,0,0,0,0,0,0,0,0
ORANGE,1446,0,14,0,0,19,0,0,0,0,13,91,72,71,138,174,12020,11457,10803,14794,16493,91,86,71,138,206
ORLEANS,2175,123,104,105,147,117,62,28,0,20,0,432,423,501,520,496,21721,21734,22091,21292,17273,617,555,606,687,613
OTIS,602,0,0,0,0,0,0,0,0,0,0,0,0,0,0,0,57,21,22,11,NA,0,0,0,0,0
OXFORD,2183,0,0,0,0,0,0,0,0,0,0,35,0,0,0,0,1864,140,98,472,732,35,0,0,0,0
PALMER,2429,565,532,323,459,420,685,645,465,542,467,1647,1636,1375,1616,1639,116324,104452,93026,109530,101666,2897,2813,2163,2617,2526
PAXTON,839,0,0,0,0,0,0,0,0,0,0,0,0,0,0,0,71,83,119,93,112,0,0,0,0,0
PEABODY,11739,1381,1633,1837,1975,1926,370,335,374,460,548,3194,3329,3603,3946,3864,279063,289248,305414,325418,318134,4945,5297,5814,6381,6338
PELHAM,343,0,0,0,0,0,0,0,0,0,0,0,0,0,0,0,0,0,0,0,0,0,0,0,0,0
PEMBROKE,3029,214,219,286,433,576,130,126,80,137,165,465,534,585,729,832,38469,42415,42055,44079,48640,809,879,951,1299,1573
PEPPERELL,1842,105,175,137,131,193,28,60,73,84,29,218,225,192,155,139,19756,25532,24186,23693,27195,351,460,402,370,361
PERU,115,0,0,0,0,0,0,0,0,0,0,0,0,0,0,0,0,0,0,0,0,0,0,0,0,0
PETERSHAM,280,0,0,0,0,0,0,0,0,0,0,0,0,0,0,0,0,0,0,0,0,0,0,0,0,0
PHILLIPSTON,239,0,0,0,0,0,0,0,0,0,0,0,0,0,0,0,0,0,0,0,0,0,0,0,0,0
PITTSFIELD,9380,2828,2776,2563,2410,2084,1244,1141,1135,1087,962,5302,5225,5077,5042,4680,429068,442275,446460,467835,461965,9374,9142,8775,8539,7726
PLAINFIELD,173,0,0,0,0,0,0,0,0,0,0,0,0,0,0,0,0,0,0,0,0,0,0,0,0,0
PLAINVILLE,1666,189,231,240,293,394,74,84,106,67,80,544,586,683,831,1025,31768,33900,38036,40603,50890,807,901,1029,1191,1499
PLYMOUTH,13033,1968,2240,2626,2772,2850,704,672,843,850,890,3494,3668,4346,4392,4575,278724,292875,304237,331820,354621,6166,6580,7815,8014,8315
PLYMPTON,561,0,0,0,0,0,0,0,0,0,0,0,0,0,0,0,0,0,0,0,0,0,0,0,0,0
PRINCETON,786,26,21,20,16,0,14,20,0,0,0,0,0,28,18,11,737,745,790,1484,728,40,41,48,34,11
PROVINCETOWN,1058,304,357,326,261,224,136,174,220,169,142,503,508,532,546,581,25941,26703,27779,30997,35255,943,1039,1078,976,947
QUINCY,15971,2924,2911,3073,2997,2831,766,835,867,729,768,5703,5584,5546,5640,5214,488654,494429,492054,503119,489216,9393,9330,9486,9366,8813
RANDOLPH,6021,399,439,489,448,346,177,139,102,123,155,800,692,742,712,725,49044,48194,58553,65423,65349,1376,1270,1333,1283,1226
RAYNHAM,2693,502,612,690,585,348,198,296,341,299,155,628,710,833,828,536,36398,39477,43491,58083,59852,1328,1618,1864,1712,1039
READING,4384,501,569,584,694,724,67,60,126,74,93,961,1089,968,1127,1019,87289,88748,90519,98836,95364,1529,1718,1678,1895,1836
REHOBOTH,1742,106,125,82,115,83,66,91,94,51,19,152,151,127,150,120,10277,12674,13085,12700,12060,324,367,303,316,222
REVERE,9223,523,547,691,769,609,352,512,349,333,390,1307,1374,1486,1619,1387,99609,108217,128042,136031,118604,2182,2433,2526,2721,2386
RICHMOND,540,0,0,0,0,0,0,0,0,0,0,0,0,0,0,0,122,91,27,NA,NA,0,0,0,0,0
ROCHESTER,951,0,0,0,0,0,0,0,0,0,0,0,0,33,17,0,16,NA,84,66,NA,0,0,33,17,0
ROCKLAND,3292,66,42,11,12,0,24,0,0,0,0,247,152,76,85,69,3553,2886,2456,1347,1236,337,194,87,97,69
ROCKPORT,2456,13,28,17,31,33,0,0,0,12,13,134,126,118,123,142,5550,5145,4952,5490,5321,147,154,135,166,188
ROWE,310,0,0,0,0,0,0,0,0,0,0,0,0,0,0,0,0,0,0,0,0,0,0,0,0,0
ROWLEY,1102,24,24,67,30,35,20,24,20,16,12,110,78,107,123,78,5141,3774,3717,2835,2906,154,126,194,169,125
ROYALSTON,327,0,0,0,0,0,0,0,0,0,0,0,0,0,0,0,0,0,0,0,0,0,0,0,0,0
RUSSELL,294,0,0,0,0,0,0,0,0,0,0,0,0,0,0,0,0,0,0,0,0,0,0,0,0,0
RUTLAND,1074,0,0,0,0,0,0,0,0,0,0,0,0,0,0,0,744,552,483,595,823,0,0,0,0,0
SALEM,6598,2462,2544,2518,2312,2549,1011,922,716,711,710,3299,3999,3558,3984,4008,248118,268131,257178,265109,268768,6772,7465,6792,7007,7267
SALISBURY,1941,190,127,114,107,97,220,194,165,181,186,412,373,277,244,278,21499,21351,19253,17999,18267,822,694,556,532,561
SANDISFIELD,235,0,0,0,0,0,0,0,0,0,0,0,0,0,0,0,0,0,0,0,0,0,0,0,0,0
SANDWICH,4855,314,370,382,280,139,83,97,98,73,0,501,600,664,538,336,41255,44119,49720,57202,50935,898,1067,1144,891,475
SAUGUS,6450,287,240,155,220,118,34,66,23,40,46,477,430,427,637,620,47839,50513,50868,65017,66414,798,736,605,897,784
SAVOY,173,0,0,0,0,0,0,0,0,0,0,0,0,0,0,0,0,0,0,0,0,0,0,0,0,0
SCITUATE,4110,233,287,351,357,394,68,92,60,32,93,314,390,461,534,528,29097,29862,33092,39499,40701,615,769,872,923,1015
SEEKONK,3309,36,37,0,0,0,27,0,0,0,15,11,0,0,0,0,3334,4472,1725,1998,1780,74,37,0,0,15
SHARON,3176,277,254,259,302,272,40,86,116,119,117,486,609,767,831,825,20837,21789,27010,29306,30037,803,949,1142,1252,1214
SHEFFIELD,897,0,0,0,0,0,0,0,0,0,0,0,0,0,0,0,13,NA,15,17,21,0,0,0,0,0
SHELBURNE,567,51,24,43,30,29,0,0,0,11,0,180,200,298,319,366,14388,13441,12876,13009,13095,231,224,341,360,395
SHERBORN,756,126,75,62,66,78,110,74,31,46,58,118,107,45,39,40,6101,4751,3056,3589,3707,354,256,138,151,176
SHIRLEY,1146,0,0,0,0,0,16,0,0,0,0,19,0,0,0,0,469,288,70,147,227,35,0,0,0,0
SHREWSBURY,6235,347,410,441,654,559,145,231,254,300,293,1034,1100,1162,1448,1452,67146,74496,79137,88037,85550,1526,1741,1857,2402,2304
SHUTESBURY,316,409,187,140,187,265,174,134,125,105,198,572,687,505,588,764,37354,33920,34011,33813,39098,1155,1008,770,880,1227
SOMERSET,4622,748,819,779,852,718,340,356,373,361,308,758,782,837,950,834,45250,43326,44063,45478,40644,1846,1957,1989,2163,1860
SOMERVILLE,8558,381,419,425,423,378,267,349,359,296,263,2220,2130,2122,1967,1564,160380,166630,161237,170547,167696,2868,2898,2906,2686,2205
SOUTH HADLEY,3448,435,472,580,422,375,223,200,257,219,168,1173,1446,1794,1558,1375,74674,73747,82768,86795,79099,1831,2118,2631,2199,1918
SOUTHAMPTON,1618,0,0,75,135,145,116,83,53,41,84,59,96,291,392,391,1066,1433,10117,12176,13624,175,179,419,568,620
SOUTHBOROUGH,1640,129,212,294,324,376,109,143,161,161,189,629,697,723,804,802,34114,34101,36730,41907,42796,867,1052,1178,1289,1367
SOUTHBRIDGE,2692,761,825,803,804,752,291,372,396,337,355,1884,1871,2043,1753,1732,106224,108279,119480,118662,120056,2936,3068,3242,2894,2839
SOUTHWICK,2372,227,266,291,328,254,57,57,62,72,57,286,392,480,439,330,26571,34002,37362,41170,39665,570,715,833,839,641
SPENCER,2539,333,352,384,399,389,138,77,137,169,193,882,986,1254,1297,1344,69991,67505,76073,80374,81900,1353,1415,1775,1865,1926
SPRINGFIELD,21181,3166,3661,3990,4564,4405,2439,2213,2321,2622,2552,10979,11743,13071,15190,15822,1229530,1284392,1374913,1566720,1618948,16584,17617,19382,22376,22779
STERLING,1326,56,65,73,99,65,65,64,49,46,39,118,152,206,212,215,6136,8198,9395,12465,12730,239,281,328,357,319
STOCKBRIDGE,842,20,47,62,64,41,19,11,17,22,0,33,66,75,95,64,3647,4202,4471,4509,3847,72,124,154,181,105
STONEHAM,4553,1068,1137,1172,1251,1226,447,480,442,260,226,2005,2138,2246,2095,2060,146211,155903,158462,167339,166444,3520,3755,3860,3606,3512
STOUGHTON,5628,167,121,142,318,456,109,109,37,44,34,286,201,254,252,306,26041,20788,18978,25089,34196,562,431,433,614,796
STOW,1302,0,0,0,0,0,0,0,0,0,0,0,0,0,0,0,100,113,89,95,108,0,0,0,0,0
STURBRIDGE,1952,156,182,125,181,180,0,34,42,43,50,174,179,173,206,182,18687,24061,23996,24870,20347,330,395,340,430,412
SUDBURY,3365,157,127,132,107,153,29,46,42,56,65,346,356,325,441,436,16097,17845,17541,19693,20248,532,529,499,604,654
SUNDERLAND,575,25,0,0,0,0,19,0,0,0,0,53,0,0,0,0,1245,NA,NA,NA,NA,97,0,0,0,0
SUTTON,1551,60,49,52,61,30,28,22,36,38,29,116,202,172,167,263,10524,12580,10639,9243,20191,204,273,260,266,322
SWAMPSCOTT,2910,316,363,410,441,445,118,95,92,72,114,721,759,779,847,884,58437,59745,58846,61199,59575,1155,1217,1281,1360,1443
SWANSEA,3429,175,214,253,305,319,175,244,243,251,232,429,501,671,824,917,29980,31225,35801,39768,42629,779,959,1167,1380,1468
TAUNTON,10315,2862,2961,3256,3606,3182,1229,966,887,879,803,3511,3742,4224,4058,3919,270702,282407,300729,322615,311096,7602,7669,8367,8543,7904
TEMPLETON,1711,58,73,73,36,30,54,75,49,69,66,376,370,444,503,315,21196,20805,22728,24488,27649,488,518,566,608,411
TEWKSBURY,6392,1116,1074,1172,1193,1344,338,306,301,447,471,2620,2324,2401,2835,2861,109892,106086,104888,117749,132777,4074,3704,3874,4475,4676
TISBURY,654,0,0,0,0,0,0,0,0,0,0,0,0,0,0,0,88,244,216,186,184,0,0,0,0,0
TOLLAND,158,0,0,0,0,0,0,0,0,0,0,0,0,0,0,0,0,0,0,0,0,0,0,0,0,0
TOPSFIELD,1793,0,0,0,0,0,0,0,0,0,0,0,0,0,0,0,578,626,649,3356,186,0,0,0,0,0
TOWNSEND,1327,102,149,149,152,59,21,14,0,14,0,123,174,196,223,122,10561,12673,12066,12493,8906,246,337,345,389,181
TRURO,629,0,0,0,0,0,0,0,0,0,0,0,0,0,0,0,91,78,58,83,97,0,0,0,0,0
TYNGSBOROUGH,1279,22,0,0,0,0,0,0,0,0,0,0,0,0,0,0,542,225,211,172,229,22,0,0,0,0
TYRINGHAM,190,0,0,0,0,0,0,0,0,0,0,0,0,0,0,0,0,0,0,0,0,0,0,0,0,0
UPTON,1201,103,128,218,316,300,109,196,217,190,194,341,376,451,518,462,22361,23439,27775,30420,30649,553,700,886,1024,956
UXBRIDGE,1879,145,245,203,233,211,116,126,91,101,97,431,449,427,560,572,32143,34772,35589,47661,57106,692,820,721,894,880
WAKEFIELD,5321,523,428,137,119,117,124,72,49,66,13,400,562,309,319,333,23503,24649,20605,23865,25006,1047,1062,495,504,463
WALES,402,0,0,0,0,0,0,0,0,0,0,0,0,0,0,0,0,0,0,0,0,0,0,0,0,0
WALPOLE,4663,121,153,158,166,213,91,84,105,117,74,664,752,843,993,1239,34252,36195,38875,35177,40909,876,989,1106,1276,1526
WALTHAM,9666,801,829,909,977,870,429,346,441,467,458,2616,2594,2347,3497,3145,179297,174277,183333,195148,194151,3846,3769,3697,4941,4473
WARE,2053,0,0,16,0,0,0,24,25,0,13,12,214,402,295,214,6254,20314,24192,22450,18020,12,238,443,295,227
WAREHAM,5681,588,692,553,767,796,220,221,236,242,269,1308,1379,1333,1693,1739,104261,105601,98270,116681,124167,2116,2292,2122,2702,2804
WARREN,554,15,15,35,67,74,0,0,0,18,14,19,70,75,164,225,3956,4682,5576,9515,15477,34,85,110,249,313
WARWICK,258,0,0,0,0,0,0,0,0,0,0,0,0,0,0,0,0,0,0,0,0,0,0,0,0,0
WASHINGTON,158,0,0,0,0,0,0,0,0,0,0,0,0,0,0,0,0,0,0,0,0,0,0,0,0,0
WATERTOWN,5960,306,548,681,701,554,155,233,388,353,285,1098,1312,1676,1752,1821,87531,85879,82766,79758,79859,1559,2093,2745,2806,2660
WAYLAND,3020,394,398,347,352,306,175,160,167,199,169,595,632,636,715,488,14265,13928,15633,20683,16549,1164,1190,1150,1266,963
WEBSTER,3342,1125,1110,1089,1056,953,205,294,257,281,166,1330,1382,1396,1480,1344,105058,107926,102268,105325,111703,2660,2786,2742,2817,2463
WELLESLEY,5264,744,722,1103,1103,1137,390,480,565,504,481,2879,3345,4177,4319,4179,184196,190796,229585,234791,229800,4013,4547,5845,5926,5797
WELLFLEET,1384,111,118,127,107,73,26,56,47,13,16,359,409,496,397,372,25017,27875,27821,22981,21387,496,583,670,517,461
WENDELL,204,0,0,0,0,0,0,0,0,0,0,0,0,0,0,0,0,0,0,0,0,0,0,0,0,0
WENHAM,939,0,0,0,0,0,0,0,0,0,0,0,0,0,0,0,15,19,24,31,39,0,0,0,0,0
WEST BOYLSTON,1340,104,117,74,124,91,64,67,39,54,26,156,184,211,192,196,16409,19078,22268,23088,16362,324,368,324,370,313
WEST BRIDGEWATER,1411,384,373,233,442,426,117,97,0,11,52,384,428,116,147,162,26000,28681,14930,18195,22671,885,898,349,600,640
WEST BROOKFIELD,842,106,137,113,134,148,90,125,142,119,162,300,383,388,378,280,24083,25677,25292,25931,24613,496,645,643,631,590
WEST NEWBURY,714,0,0,0,0,0,0,0,0,0,0,0,0,0,0,0,NA,NA,11,NA,NA,0,0,0,0,0
WEST SPRINGFIELD,4989,767,750,844,1034,1056,413,423,403,538,501,2099,2190,2480,3061,2992,128768,140442,137601,160518,166723,3279,3363,3727,4633,4549
WEST STOCKBRIDGE,411,185,233,168,159,161,51,72,84,53,74,144,265,260,243,233,5082,5856,5009,5038,4940,380,570,512,455,468
WEST TISBURY,746,0,0,0,0,0,0,0,0,0,0,0,0,0,0,0,762,68,105,107,345,0,0,0,0,0
WESTBOROUGH,2660,373,539,529,617,589,240,276,290,288,274,1378,1764,1800,1855,1882,84058,96774,94005,96556,98740,1991,2579,2619,2760,2745
WESTFIELD,7330,886,1108,928,715,658,348,391,384,349,313,2228,2445,2616,2667,2747,128672,139777,147748,150644,154267,3462,3944,3928,3731,3718
WESTFORD,3622,169,127,94,227,166,11,0,32,79,74,227,218,300,501,487,20128,20894,22872,39512,37864,407,345,426,807,727
WESTHAMPTON,336,0,0,0,0,0,0,0,0,0,0,0,0,0,0,0,0,0,0,0,0,0,0,0,0,0
WESTMINSTER,1419,67,57,86,77,129,66,20,68,89,137,337,367,386,332,388,17244,16758,17427,17178,21388,470,444,540,498,654
WESTON,2632,130,95,49,75,69,113,118,87,148,88,1007,922,831,1055,794,97840,99324,96179,105237,108738,1250,1135,967,1278,951
WESTPORT,4037,315,545,467,517,552,153,227,138,205,213,556,700,937,960,859,43815,39067,56591,59373,57886,1024,1472,1542,1682,1624
WESTWOOD,3477,312,371,530,451,538,301,311,183,177,188,517,557,601,642,677,28916,28900,26458,27296,29123,1130,1239,1314,1270,1403
WEYMOUTH,10688,1678,2124,1841,2134,2182,520,596,463,492,468,1819,2234,1880,2415,2589,219241,238775,231486,275927,307553,4017,4954,4184,5041,5239
WHATELY,283,0,0,0,0,0,19,21,17,37,0,58,50,76,148,14,3946,3547,4879,6158,1220,77,71,93,185,14
WHITMAN,2261,1111,1182,1174,1231,1202,364,340,360,377,362,1241,1290,1366,1528,1528,100169,98660,97493,98149,99606,2716,2812,2900,3136,3092
WILBRAHAM,3158,147,192,229,177,253,132,107,104,101,129,708,775,842,661,660,40822,45434,51452,45857,50870,987,1074,1175,939,1042
WILLIAMSBURG,578,0,0,0,0,0,0,0,0,0,0,0,0,0,0,0,NA,NA,112,NA,273,0,0,0,0,0
WILLIAMSTOWN,1673,147,160,152,150,176,48,57,70,72,74,1059,1223,763,842,969,48262,50798,38097,39059,45328,1254,1440,985,1064,1219
WILMINGTON,3911,84,84,202,305,313,73,62,68,74,80,238,320,462,552,637,42808,40003,44956,44225,47481,395,466,732,931,1030
WINCHENDON,2013,177,187,185,201,154,135,199,193,206,204,414,488,480,508,370,42481,45800,46336,49516,40844,726,874,858,915,728
WINCHESTER,4489,615,351,361,513,548,419,124,121,186,134,919,773,771,945,996,83002,71419,71644,85131,94062,1953,1248,1253,1644,1678
WINDSOR,184,0,0,0,0,0,0,0,0,0,0,0,0,0,0,0,27,NA,11,NA,NA,0,0,0,0,0
WINTHROP,4114,396,363,340,407,386,43,22,38,58,28,156,162,165,118,161,14797,14560,14456,16707,18068,595,547,543,583,575
WOBURN,7595,490,502,896,837,781,279,225,275,185,262,1556,1679,2158,1692,1485,75614,77851,85927,82491,76461,2325,2406,3329,2714,2528
WORCESTER,26267,6295,6925,7071,7378,7734,4638,4544,4607,4765,4830,19334,21069,20847,22607,22543,1757454,1838283,1875683,1993829,2044743,30267,32538,32525,34750,35107
WORTHINGTON,NA,54,65,61,91,93,12,24,31,26,40,85,97,195,149,165,6159,11482,12041,12463,14285,151,186,287,266,298
WRENTHAM,1814,139,147,105,136,169,87,76,58,120,139,543,555,620,702,682,39197,41005,39724,48400,50940,769,778,783,958,990
YARMOUTH,7897,453,397,308,281,393,141,110,34,51,102,1059,958,1020,945,968,67685,61295,64084,64753,76500,1653,1465,1362,1277,1463
