TOWN,t_death,tpop_17a,ovr_65c,pop16_19,p16_19_d,over25,over25schl,pov_det,pov_poor,pov_strug,pr_or_strg,pov_ok,eb_smooth_dropout,eb_over25_less_than_hsed,eb_inc_pov_rless1,eb_inc_pov_bet1and2,eb_inc_pov_rless2
WELLESLEY,WELLESLEY,29004,5264,3344,11,16139,332,24521,1075,857,1932,22589,0.003526543,0.020674109,0.043898613,0.035082424,0.07888626
NEEDHAM,NEEDHAM,30429,6009,1756,11,20270,458,29523,872,831,1703,27820,0.006655964,0.0226747,0.029595374,0.028266144,0.05777486
PETERSHAM,PETERSHAM,1218,280,60,4,906,23,1188,64,220,284,904,0.052514418,0.027065352,0.054884357,0.183433249,0.239026836
READING,READING,25769,4384,1286,41,18181,530,25576,754,1655,2409,23167,0.031762362,0.029232404,0.029548999,0.064794617,0.094273491
QUINCY,QUINCY,91519,15971,3906,150,69176,7721,90591,9141,12575,21716,68875,0.038306976,0.111609411,0.100906459,0.138805448,0.239714249
CHESTERFIELD,CHESTERFIELD,1303,217,60,0,919,82,1303,77,122,199,1104,0.009741148,0.089415288,0.059934354,0.094488705,0.15368089
SOUTHBOROUGH,SOUTHBOROUGH,10021,1640,561,0,6484,203,9893,453,449,902,8991,0.001532265,0.03152756,0.045930897,0.045676233,0.091396141
MILFORD,MILFORD,28630,4457,1197,63,19858,1614,28426,2244,3373,5617,22809,0.051938324,0.081294606,0.078965977,0.118667729,0.197621403
BOYLSTON,BOYLSTON,4524,660,274,0,3171,109,4510,184,405,589,3921,0.002962303,0.034800976,0.041130195,0.090083652,0.130950714
PLAINVILLE,PLAINVILLE,9000,1666,383,12,6440,211,9000,557,515,1072,7928,0.030997479,0.032980322,0.062005567,0.05749442,0.119306963
NEW BEDFORD,NEW BEDFORD,94459,15759,4605,393,64569,16758,92726,21135,20077,41212,51514,0.084921757,0.259482016,0.227902608,0.216484369,0.444415568
MARBLEHEAD,MARBLEHEAD,20393,5386,1062,0,14727,347,20276,930,1149,2079,18197,0.000831532,0.023670445,0.045935799,0.056790053,0.102634305
LONGMEADOW,LONGMEADOW,15876,3607,1055,34,10941,396,15147,549,798,1347,13800,0.032072055,0.036314885,0.036350403,0.05285645,0.08907486
GRANVILLE,GRANVILLE,1660,302,89,0,1208,49,1644,138,108,246,1398,0.007435388,0.041562624,0.084290056,0.06697606,0.150422842
WEBSTER,WEBSTER,16926,3342,756,88,11873,1774,16514,1987,3103,5090,11424,0.112614459,0.149320052,0.120310127,0.187765703,0.308158241
SOUTHBRIDGE,SOUTHBRIDGE,16858,2692,834,36,11682,2087,16651,3085,3563,6648,10003,0.042547851,0.178500756,0.185178799,0.213790553,0.399108682
SALISBURY,SALISBURY,9021,1941,364,8,6664,465,8983,871,1356,2227,6756,0.022416579,0.069867265,0.096994408,0.150850603,0.247893872
AMHERST,AMHERST,39880,3465,9642,0,12760,637,23602,7842,3509,11351,12251,9.41507E-05,0.050001968,0.332059424,0.148638698,0.480778391
CONCORD,CONCORD,19357,4384,812,0,13925,752,17408,1088,613,1701,15707,0.001077397,0.054070888,0.062559641,0.035400086,0.097833485
WINDSOR,WINDSOR,909,184,44,0,696,10,909,50,58,108,801,0.011751799,0.016870283,0.056295269,0.06615848,0.120727528
TAUNTON,TAUNTON,56826,10315,2287,132,40151,6449,56254,7747,9320,17067,39187,0.057276458,0.160584626,0.137704499,0.165651482,0.30337393
WAREHAM,WAREHAM,22535,5681,657,1,16537,1423,22233,2599,2880,5479,16754,0.002767431,0.086064288,0.116892665,0.129530789,0.246428852
NORTH BROOKFIELD,NORTH BROOKFIELD,5927,1019,250,12,4187,346,5894,374,852,1226,4668,0.045538667,0.082712592,0.063626635,0.144438694,0.208080903
CHARLTON,CHARLTON,13379,1741,552,0,9236,397,13220,618,832,1450,11770,0.001555817,0.043111104,0.046851335,0.063104986,0.109826408
RANDOLPH,RANDOLPH,33704,6021,1497,3,23957,3473,33293,3773,4132,7905,25388,0.002555318,0.144925159,0.113325654,0.124111765,0.237436932
SHEFFIELD,SHEFFIELD,3190,897,227,0,2550,219,3190,278,506,784,2406,0.003496735,0.085979203,0.08730666,0.158252248,0.245725153
NEWBURYPORT,NEWBURYPORT,17890,3784,642,9,13547,425,17605,1226,1706,2932,14673,0.014671675,0.031477506,0.069689608,0.096962782,0.166603354
MAYNARD,MAYNARD,10560,1946,349,25,7813,302,10481,848,651,1499,8982,0.067738168,0.0388157,0.080969751,0.062329531,0.143154695
TEWKSBURY,TEWKSBURY,30666,6392,1622,48,22066,1358,30095,1621,2054,3675,26420,0.02954423,0.061577755,0.053903427,0.068319001,0.122170448
FITCHBURG,FITCHBURG,40666,6653,2830,106,25936,4564,38780,6961,6785,13746,25034,0.03733555,0.175906152,0.179461955,0.174915553,0.354415425
LANCASTER,LANCASTER,7978,1380,596,33,5674,720,6627,351,151,502,6125,0.05386827,0.126782594,0.053152213,0.023340663,0.076114626
DIGHTON,DIGHTON,7438,1335,420,0,5308,305,7372,286,680,966,6406,0.002008652,0.057622512,0.039004707,0.092402852,0.131251113
CHELSEA,CHELSEA,39272,4121,1656,179,25845,7804,38847,7586,9746,17332,21515,0.106486662,0.301782912,0.195232498,0.250765727,0.446079567
ATHOL,ATHOL,11680,2196,613,16,8465,1075,11510,1693,1905,3598,7912,0.026157044,0.126918075,0.147022532,0.165383848,0.312498694
CHESHIRE,CHESHIRE,3169,979,149,5,2404,157,3169,126,370,496,2673,0.032385902,0.065593959,0.040238648,0.116855182,0.156894263
ESSEX,ESSEX,3687,749,159,0,2613,46,3675,228,258,486,3189,0.00473184,0.018259347,0.0623247,0.070741003,0.132669902
WARE,WARE,9863,2053,457,0,6939,578,9797,1401,1133,2534,7263,0.001857138,0.083341119,0.142933237,0.115684006,0.258616877
NANTUCKET,NANTUCKET,10249,1596,425,13,7366,459,10123,1197,884,2081,8042,0.030339063,0.062416048,0.118230364,0.087461386,0.20561749
EGREMONT, ,,,,,,,,,,,,,,,,
DEERFIELD,DEERFIELD,5049,1066,133,0,3798,130,4932,409,471,880,4052,0.005470673,0.03458624,0.083049356,0.095716667,0.178603354
CONWAY,CONWAY,1800,448,47,0,1336,11,1772,40,115,155,1617,0.011313933,0.009654039,0.023629784,0.066106063,0.088725817
DALTON,DALTON,6657,1528,269,0,5128,235,6551,678,563,1241,5310,0.003011264,0.046043435,0.103520227,0.086157613,0.189544703
PEABODY,PEABODY,52610,11739,2480,78,38547,3928,52101,5119,6833,11952,40149,0.031394646,0.101899049,0.098256727,0.131145274,0.22940267
AGAWAM,AGAWAM,27769,6195,1177,0,20674,1602,26925,2553,3841,6394,20531,0.000752536,0.07750944,0.094831832,0.142632744,0.237473991
MEDFIELD,MEDFIELD,12610,1841,767,11,7949,84,12571,274,872,1146,11425,0.014879092,0.010802987,0.021947975,0.069526441,0.091335847
WORCESTER,WORCESTER,184743,26267,13595,350,120286,18373,172535,37560,33980,71540,100995,0.025748287,0.152734343,0.217681723,0.19693067,0.414625007
SWAMPSCOTT,SWAMPSCOTT,14563,2910,765,0,10121,458,14409,883,785,1668,12741,0.001140811,0.045363644,0.061354989,0.054656941,0.11588688
WAYLAND,WAYLAND,13700,3020,722,17,9411,123,13644,414,387,801,12843,0.023706908,0.013263174,0.030469473,0.028619807,0.058902832
FALMOUTH,FALMOUTH,30702,10759,1123,44,23871,1474,30120,1904,4302,6206,23914,0.038832963,0.061780837,0.063247792,0.142808112,0.206057744
HUBBARDSTON,HUBBARDSTON,4581,648,238,0,3161,127,4581,109,544,653,3928,0.003355071,0.040566025,0.024199906,0.118804614,0.142852847
FAIRHAVEN,FAIRHAVEN,16027,4022,532,0,11868,1278,15641,1430,1954,3384,12257,0.00161084,0.107665817,0.091453196,0.12492958,0.216373905
SANDWICH,SANDWICH,20398,4855,1076,42,14829,425,20138,1145,1764,2909,17229,0.038675371,0.028760169,0.056915241,0.08766334,0.144521989
MARSHFIELD,MARSHFIELD,26606,5148,1797,147,18232,797,26593,1653,2168,3821,22772,0.08080286,0.043777958,0.062198547,0.081584742,0.143736909
GOSHEN,GOSHEN,1096,208,62,0,818,33,1096,26,101,127,969,0.00953718,0.041812047,0.025396121,0.093215855,0.117508835
NORTHBOROUGH,NORTHBOROUGH,14918,2753,584,0,10387,437,14739,546,701,1247,13492,0.001475194,0.042186786,0.037151936,0.047750888,0.084760277
ACUSHNET,ACUSHNET,10443,2431,564,62,7635,1397,10336,422,1844,2266,8070,0.105287423,0.182731411,0.040973349,0.178222347,0.219258987
MARION,MARION,5065,1602,213,41,3680,192,4929,274,617,891,4038,0.170012889,0.052438159,0.055829251,0.125180471,0.180936637
BURLINGTON,BURLINGTON,26103,6078,1136,0,18879,914,26086,1041,1664,2705,23381,0.000778917,0.048469636,0.039964814,0.063874118,0.103771988
LENOX,LENOX,4994,1974,241,0,3929,145,4695,180,488,668,4027,0.003318406,0.037236249,0.038668774,0.104104964,0.142579977
HAWLEY,HAWLEY,976,267,42,0,742,70,973,115,153,268,705,0.012063038,0.094426237,0.118037112,0.156116656,0.274846549
BECKET,BECKET,1852,421,58,0,1461,97,1834,127,168,295,1539,0.009954031,0.066845185,0.069729922,0.09225686,0.161466317
GREAT BARRINGTON,GREAT BARRINGTON,6915,1521,799,108,4625,508,5911,306,1017,1323,4588,0.130821403,0.109779932,0.05198186,0.171770984,0.223852457
ROWE,ROWE,1045,310,46,1,789,72,1040,117,247,364,676,0.024032248,0.091418655,0.112470507,0.233757791,0.34838536
MIDDLEFIELD,MIDDLEFIELD,1717,374,60,0,1323,56,1711,120,197,317,1394,0.009741148,0.043213859,0.070640085,0.115352505,0.18571878
GROTON,GROTON,11282,1986,791,11,7781,131,11198,483,633,1116,10082,0.014445992,0.017059199,0.043262325,0.056749115,0.099844177
TRURO,TRURO,1580,629,11,0,1337,111,1580,177,198,375,1205,0.020463416,0.08325055,0.112012116,0.125322427,0.237335001
WINCHENDON,WINCHENDON,10738,2013,447,14,7468,859,10413,1166,864,2030,8383,0.031031112,0.1149732,0.111973492,0.083119928,0.195008667
WELLFLEET,WELLFLEET,3171,1384,124,0,2498,129,3153,356,739,1095,2058,0.005783251,0.052034092,0.112895725,0.233152515,0.346763446
ASHBURNHAM,ASHBURNHAM,6210,776,290,48,4057,115,6072,290,397,687,5385,0.151185425,0.028712248,0.047982613,0.065736699,0.113447087
AMESBURY,AMESBURY,17218,2949,899,39,12292,707,16992,835,1533,2368,14624,0.042799203,0.057587134,0.049218688,0.090293651,0.139445626
HANCOCK,HANCOCK,639,150,17,0,523,14,639,19,44,63,576,0.018032906,0.029573537,0.03237055,0.071881315,0.101762552
WESTBOROUGH,WESTBOROUGH,18836,2660,1016,5,12914,460,18493,942,1284,2226,16267,0.005632077,0.035723551,0.051007713,0.069540711,0.120464245
NAHANT,NAHANT,2914,635,62,0,2399,72,2863,155,314,469,2394,0.00953718,0.030614607,0.054561485,0.109872614,0.164194285
WENHAM,WENHAM,5179,939,964,0,2574,25,3632,60,313,373,3259,0.000913225,0.010443173,0.017073894,0.086564941,0.103249979
WEST BRIDGEWATER,WEST BRIDGEWATER,7117,1411,381,10,5001,322,6926,250,852,1102,5824,0.026322138,0.064529275,0.036326892,0.123028008,0.159278386
CARLISLE,CARLISLE,5160,1212,251,0,3616,86,5160,83,116,199,4961,0.003201772,0.024220888,0.016477742,0.023194541,0.039140922
SAUGUS,SAUGUS,28037,6450,1422,0,20826,1961,27798,2261,2526,4787,23011,0.000625865,0.094164502,0.081359652,0.090914719,0.172241432
LEXINGTON,LEXINGTON,33339,6789,1815,11,22901,474,32961,1198,1509,2707,30254,0.006443522,0.020770157,0.036394484,0.045868392,0.082197756
LANESBOROUGH,LANESBOROUGH,3004,637,84,0,2154,70,3004,148,163,311,2693,0.007751743,0.033142878,0.049704907,0.055105107,0.104191006
PLAINFIELD,PLAINFIELD,668,173,45,3,494,22,668,51,119,170,498,0.049810729,0.046751846,0.077424966,0.175457562,0.254097962
STURBRIDGE,STURBRIDGE,9496,1952,474,0,6633,324,9488,382,868,1250,8238,0.00179493,0.049004476,0.040420781,0.091612801,0.131911181
BELMONT,BELMONT,25965,5009,1232,12,17995,628,25692,1420,1376,2796,22896,0.010202125,0.034973613,0.055316572,0.053658251,0.108902343
GOSNOLD,GOSNOLD,34,15,0,0,34,0,34,2,0,2,32,0,0.03786886,0.079002625,0.064567565,0.11331471
PERU,PERU,811,115,21,0,638,53,811,55,88,143,668,0.016709787,0.083541827,0.068929494,0.109233405,0.177422302
SHERBORN,SHERBORN,4302,756,380,0,2832,35,4302,179,160,339,3963,0.002202952,0.013003304,0.04195248,0.037925116,0.079349842
MIDDLEBOROUGH,MIDDLEBOROUGH,24213,5181,1385,27,17760,853,23753,1867,2373,4240,19513,0.019676161,0.048089329,0.078629818,0.099942011,0.178540508
FALL RIVER,FALL RIVER,85548,15767,3626,110,59247,16264,84071,17183,19849,37032,47039,0.030307545,0.274447155,0.204362995,0.236050786,0.440448401
WARWICK,WARWICK,1093,258,59,0,815,74,1091,67,187,254,837,0.009846439,0.090968174,0.062366971,0.169939667,0.232865676
MILTON,MILTON,27527,4936,1788,1,17452,761,25864,1066,1382,2448,23416,0.001049102,0.043671902,0.041273357,0.053533571,0.094731361
ADAMS,ADAMS,8211,1764,333,23,6095,723,8209,910,1187,2097,6112,0.065238445,0.118546771,0.11085442,0.144514428,0.255416935
MILLIS,MILLIS,8144,1500,349,0,5828,147,8106,357,519,876,7230,0.002381484,0.025489925,0.044217993,0.064298664,0.108305941
BRIMFIELD,BRIMFIELD,3724,839,179,0,2818,174,3694,156,510,666,3028,0.004286525,0.062017471,0.042627266,0.137941371,0.180520556
WEST STOCKBRIDGE,WEST STOCKBRIDGE,1095,411,45,0,880,35,1092,76,146,222,870,0.011602126,0.041155073,0.070394186,0.133440795,0.203749019
DANVERS,DANVERS,27527,6258,1272,15,20093,1173,26912,1692,2819,4511,22401,0.012187482,0.058420496,0.062909882,0.104776629,0.167658895
OTIS,OTIS,1577,602,40,12,1349,92,1577,145,194,339,1238,0.17562021,0.068659433,0.092202533,0.123075631,0.215169522
COLRAIN,COLRAIN,1146,230,39,4,880,55,1146,138,106,244,902,0.067722061,0.063337148,0.12024676,0.093502838,0.213221299
NORTHFIELD,NORTHFIELD,3012,422,163,0,2230,113,2984,118,489,607,2377,0.004635526,0.051121481,0.040053698,0.163417836,0.203584584
PLYMPTON,PLYMPTON,2912,561,100,0,2167,111,2912,127,244,371,2541,0.006822809,0.051679206,0.044104902,0.084301274,0.127964488
BERKLEY,BERKLEY,6630,847,291,1,4645,294,6619,260,614,874,5745,0.00588863,0.063451928,0.039512288,0.092940698,0.132280969
KINGSTON,KINGSTON,13210,2557,721,35,8941,443,12978,852,778,1630,11348,0.04759467,0.049662505,0.065724338,0.060129064,0.125725553
MONTAGUE,MONTAGUE,7378,1723,330,0,5667,626,7245,1147,1118,2265,4980,0.002505958,0.11041441,0.158176737,0.154171359,0.312472101
TYNGSBOROUGH,TYNGSBOROUGH,12232,1279,638,23,8727,381,12176,860,875,1735,10441,0.035607408,0.043790474,0.070701697,0.072020954,0.142609441
MALDEN,MALDEN,61212,8687,1863,76,43969,5927,61072,9695,9939,19634,41438,0.040553806,0.134781128,0.158730328,0.16272046,0.321468516
STONEHAM,STONEHAM,21967,4553,751,0,16527,947,21836,942,1393,2335,19501,0.00116117,0.057352582,0.043206298,0.063895378,0.10702268
NORTHAMPTON,NORTHAMPTON,28548,4975,2181,19,19107,1004,25097,3756,3244,7000,18097,0.008991108,0.052596901,0.149626393,0.129253218,0.278892493
BRAINTREE,BRAINTREE,37082,7407,1405,0,26253,1562,36510,1822,3586,5408,31102,0.000633261,0.059529161,0.049939976,0.098246606,0.148160207
SCITUATE,SCITUATE,18491,4110,1071,0,13109,409,18323,777,875,1652,16671,0.000824756,0.03130898,0.042485846,0.047906714,0.09027991
BELLINGHAM,BELLINGHAM,16929,2330,933,0,11938,717,16764,701,985,1686,15078,0.000942515,0.060127836,0.041904116,0.058899977,0.100694483
DUNSTABLE,DUNSTABLE,3337,569,235,0,2217,82,3337,70,108,178,3159,0.003392555,0.037570588,0.021551241,0.033358748,0.054162857
SAVOY,SAVOY,764,173,45,0,556,89,752,63,172,235,517,0.011602126,0.157725149,0.08453149,0.224014178,0.311013673
ARLINGTON,ARLINGTON,44992,8208,1614,34,33199,986,44689,2313,2988,5301,39388,0.021190052,0.029743766,0.051786099,0.06690933,0.118659455
HARDWICK,HARDWICK,3024,765,155,1,2130,142,2913,349,525,874,2039,0.010136821,0.066975585,0.119743756,0.179559923,0.299708938
MOUNT WASHINGTON,MOUNT WASHINGTON,1395,468,35,0,1162,59,1395,77,168,245,1150,0.013295463,0.051626488,0.056041459,0.120559706,0.176277198
ASHBY,ASHBY,3195,496,207,0,2338,196,3157,248,196,444,2713,0.003787504,0.083956678,0.078774462,0.062799778,0.141094492
HULL,HULL,7702,2299,313,9,6458,294,7702,323,1019,1342,6360,0.0286017,0.045698081,0.042128771,0.132272059,0.174361915
LAWRENCE,LAWRENCE,79497,9018,5087,314,48469,15673,78430,18983,22273,41256,37174,0.061499844,0.323260534,0.242001724,0.283913089,0.525967775
LUDLOW,LUDLOW,21331,4079,1013,22,15850,2589,20585,1195,2287,3482,17103,0.021892593,0.163253981,0.058107049,0.111125587,0.169201506
NORFOLK,NORFOLK,11671,1542,716,11,8302,766,9417,268,333,601,8816,0.015891523,0.092280256,0.028646547,0.035704973,0.064096019
WHITMAN,WHITMAN,14864,2261,933,34,10042,648,14857,1019,1102,2121,12736,0.036120399,0.06459962,0.068648303,0.074297988,0.142855815
CLARKSBURG,CLARKSBURG,1722,494,48,0,1240,88,1719,164,228,392,1327,0.01117514,0.071420846,0.095596686,0.13249071,0.228113931
PAXTON,PAXTON,4845,839,491,0,3239,101,4370,203,307,510,3860,0.001736755,0.031621692,0.046768064,0.070703555,0.117115696
WESTFIELD,WESTFIELD,41667,7330,3549,63,26405,2087,38114,3225,6471,9696,28418,0.017839683,0.079053087,0.084629417,0.169738453,0.254387708
SALEM,SALEM,41115,6598,2173,55,28538,2546,39260,6135,5223,11358,27902,0.025339018,0.089220578,0.156241261,0.133029347,0.289281936
MARLBOROUGH,MARLBOROUGH,39771,6257,1728,18,28492,2397,39304,2553,5291,7844,31460,0.010735612,0.084138943,0.064980317,0.134609081,0.199586721
BELCHERTOWN,BELCHERTOWN,14906,2721,1091,0,10062,644,14821,855,1426,2281,12540,0.000810087,0.06407481,0.057765395,0.096285954,0.153987018
FREETOWN,FREETOWN,8273,1599,258,0,6045,670,8094,410,862,1272,6822,0.00312489,0.110787493,0.050814157,0.106583104,0.157300693
FLORIDA,FLORIDA,816,152,37,0,593,54,816,106,98,204,612,0.012918374,0.091285333,0.129419533,0.120329734,0.249758142
WORTHINGTON, ,,,,,,,,,,,,,,,,
NORWELL,NORWELL,9939,1977,455,0,6779,201,9740,310,469,779,8961,0.001864741,0.029865856,0.032001303,0.048436925,0.080220733
BREWSTER,BREWSTER,9856,3274,381,48,7791,225,9517,457,1167,1624,7893,0.117995241,0.029069166,0.048160829,0.122633831,0.170746012
EDGARTOWN,EDGARTOWN,4292,746,257,0,3080,100,4250,217,527,744,3506,0.003135646,0.032920316,0.051359554,0.124013302,0.175275703
CLINTON,CLINTON,13855,2080,503,0,9706,736,13839,826,1760,2586,11253,0.00169791,0.07587734,0.05976574,0.127172691,0.186917178
STOW,STOW,7061,1302,377,0,4802,17,7034,310,338,648,6386,0.002219051,0.003961043,0.044274926,0.048446871,0.092431968
ATTLEBORO,ATTLEBORO,44326,6953,1963,18,30765,3347,43807,4013,5704,9717,34090,0.009471977,0.108784454,0.09161586,0.130203707,0.221818943
HARWICH,HARWICH,12143,4561,463,0,9523,356,11909,796,1577,2373,9536,0.001834696,0.037519175,0.066919545,0.132400267,0.199308141
STOUGHTON,STOUGHTON,28338,5628,1647,72,20513,1905,28006,2325,2676,5001,23005,0.043386044,0.092872708,0.083039336,0.095589487,0.178600007
SOMERSET,SOMERSET,18257,4622,811,17,13814,1785,17982,1211,1504,2715,15267,0.021208537,0.129166995,0.067397099,0.083722952,0.151055814
NEWBURY,NEWBURY,6964,1535,363,0,5123,184,6900,293,429,722,6178,0.0022974,0.036174932,0.042675953,0.062502838,0.104924458
HANOVER,HANOVER,14328,2744,825,54,9432,338,14179,552,1160,1712,12467,0.063960292,0.035976301,0.039039562,0.081921921,0.120864607
UXBRIDGE,UXBRIDGE,13815,1879,870,0,9319,475,13712,1136,1089,2225,11487,0.001008235,0.051078638,0.082891104,0.079540301,0.162348015
HADLEY,HADLEY,5301,1460,274,10,4185,155,5164,280,852,1132,4032,0.035480899,0.037347388,0.054456194,0.164715748,0.219260432
NORTH ADAMS,NORTH ADAMS,13211,2823,1041,18,8981,1457,12131,2164,2705,4869,7262,0.017599506,0.162075614,0.178267265,0.222694431,0.401164601
MANSFIELD,MANSFIELD,23678,2603,1314,31,16030,409,23606,639,1478,2117,21489,0.023681313,0.025611519,0.0271455,0.062707034,0.089774057
BERNARDSTON,BERNARDSTON,1074,261,40,0,831,20,1074,38,237,275,799,0.012391211,0.025927579,0.036860907,0.217588319,0.255784082
DRACUT,DRACUT,31113,5550,1512,70,21592,1872,31043,2221,3604,5825,25218,0.045881725,0.086709484,0.071573147,0.11610801,0.187666642
SHUTESBURY,SHUTESBURY,1752,316,104,4,1275,21,1742,197,244,441,1301,0.035711802,0.017820521,0.113063506,0.139775789,0.253015899
FRANKLIN,FRANKLIN,32843,4386,2414,0,21103,823,31780,1380,1745,3125,28655,0.000372196,0.039058987,0.043469071,0.05498867,0.098397635
WESTMINSTER,WESTMINSTER,7566,1419,245,0,5412,336,7532,117,464,581,6951,0.003270747,0.062224824,0.01580451,0.061907991,0.077455057
LEOMINSTER,LEOMINSTER,41446,8124,2140,101,28747,3926,41035,5511,6703,12214,28821,0.046887596,0.136541321,0.134287854,0.16331528,0.297626013
REVERE,REVERE,53864,9223,2076,75,39486,7160,53602,6943,11685,18628,34974,0.035985005,0.181284142,0.129521364,0.217933611,0.347493269
WRENTHAM,WRENTHAM,11597,1814,774,26,7782,253,11348,574,662,1236,10112,0.033325587,0.032690766,0.050695482,0.058548805,0.109086731
AVON,AVON,4468,819,148,0,3387,450,4468,379,359,738,3730,0.005018592,0.132635912,0.084950472,0.080710497,0.165414035
HALIFAX,HALIFAX,7739,1432,396,0,5462,264,7699,356,811,1167,6532,0.002120889,0.048527464,0.046419522,0.105432529,0.151743773
NEWTON,NEWTON,88479,15985,7625,80,57688,1611,80955,3462,5820,9282,71673,0.010564834,0.027952122,0.042782556,0.071915644,0.114678923
IPSWICH,IPSWICH,11242,2731,632,0,8097,257,11163,784,1125,1909,9254,0.001368797,0.031915069,0.070310154,0.100859051,0.171099569
COHASSET,COHASSET,7429,1327,308,0,5093,98,7371,275,313,588,6783,0.002667388,0.019572603,0.037521972,0.042867458,0.080091152
AUBURN,AUBURN,16552,3659,796,1,12207,829,16446,757,1509,2266,14180,0.0023037,0.067964006,0.046113976,0.091828681,0.13787448
CHICOPEE,CHICOPEE,55778,11408,2856,210,39360,5751,54968,7939,10794,18733,36235,0.072991785,0.14608605,0.144416482,0.196322496,0.340769815
HAMILTON,HAMILTON,7991,1294,429,0,5247,82,7824,796,449,1245,6579,0.001969566,0.01596366,0.101763629,0.057699692,0.159274305
PLYMOUTH,PLYMOUTH,56192,13033,2598,62,40899,1912,54211,3516,4888,8404,45807,0.023906732,0.04677608,0.064875922,0.090189693,0.155046498
BARRE,BARRE,5491,752,361,0,3765,163,5366,307,625,932,4434,0.002309046,0.043602531,0.05742605,0.116534774,0.173861905
BOLTON,BOLTON,5167,716,294,0,3434,44,5167,72,189,261,4906,0.002781408,0.013342464,0.014335404,0.037193761,0.051052484
ORANGE,ORANGE,7703,1446,293,0,5572,691,7682,788,2342,3130,4552,0.002789926,0.123910008,0.102600976,0.304032768,0.407112523
DARTMOUTH,DARTMOUTH,34341,7495,3267,65,22567,3502,28583,2354,2905,5259,23324,0.019969892,0.155127016,0.08237812,0.101663948,0.184018136
CUMMINGTON,CUMMINGTON,860,253,27,0,667,16,856,45,226,271,585,0.015053066,0.026293702,0.053997215,0.258434883,0.315209395
GRANBY,GRANBY,6318,996,235,0,4736,349,6260,342,534,876,5384,0.003392555,0.073798653,0.054824902,0.085533701,0.14016761
LEE,LEE,5796,1686,168,0,4215,458,5625,451,604,1055,4570,0.00452051,0.108602055,0.080294829,0.107493492,0.18768627
STERLING,STERLING,8000,1326,510,0,5503,253,7986,477,799,1276,6710,0.001676043,0.046176242,0.059866756,0.10016461,0.159923917
WILBRAHAM,WILBRAHAM,14553,3158,785,0,10407,587,14208,573,882,1455,12753,0.001112936,0.056489363,0.040435815,0.062238113,0.102548878
GEORGETOWN,GEORGETOWN,8569,1521,447,10,6055,144,8561,292,429,721,7840,0.022706733,0.024044023,0.034300135,0.050426826,0.08448614
CARVER,CARVER,11617,2787,528,12,8450,878,11594,530,1676,2206,9388,0.02299302,0.103888711,0.045833746,0.144498835,0.190330821
EASTHAM,EASTHAM,4908,2242,194,31,4026,155,4870,321,559,880,3990,0.140257862,0.038814478,0.06611133,0.114863599,0.180870161
MELROSE,MELROSE,28132,5262,979,10,20394,1143,27884,1087,2248,3335,24549,0.010776079,0.056089705,0.039038229,0.080677653,0.119665661
MANCHESTER,MANCHESTER,5327,1459,179,0,3974,105,5326,197,327,524,4802,0.004286525,0.026805944,0.037284929,0.061827615,0.098774159
PEPPERELL,PEPPERELL,12049,1842,565,0,8325,475,12021,674,805,1479,10542,0.001522025,0.057161593,0.056166306,0.067141062,0.123176485
WOBURN,WOBURN,39500,7595,1985,63,28840,1637,39228,2347,4248,6595,32633,0.031662343,0.056791895,0.059857655,0.108305844,0.168145938
SUTTON,SUTTON,9702,1551,535,0,6810,216,9702,208,789,997,8705,0.00160234,0.031926003,0.021636227,0.081486968,0.102969299
FRAMINGHAM,FRAMINGHAM,71232,11768,4039,48,49651,5131,68246,7865,10285,18150,50096,0.012010009,0.103338734,0.11524353,0.150691567,0.265943198
WARREN,WARREN,5199,554,173,0,3664,238,5199,587,1068,1655,3544,0.004411063,0.065146712,0.112898665,0.204875408,0.318094996
CHARLEMONT, ,,,,,,,,,,,,,,,,
WEST SPRINGFIELD,WEST SPRINGFIELD,29650,4989,1430,103,20278,2146,29473,3514,5852,9366,20107,0.071000885,0.105819994,0.119221821,0.198465642,0.317741024
NEW BRAINTREE,NEW BRAINTREE,1247,179,62,0,893,74,1236,102,105,207,1029,0.00953718,0.083210364,0.083009925,0.086100782,0.168306194
DEDHAM,DEDHAM,25377,5921,1157,50,18511,1188,24352,1221,2327,3548,20804,0.042763761,0.064216826,0.050193129,0.095601132,0.145752518
PRINCETON,PRINCETON,3438,786,159,0,2550,27,3438,224,92,316,3122,0.00473184,0.011318353,0.065438217,0.027783228,0.092543568
LUNENBURG,LUNENBURG,11150,2082,596,2,7838,504,10957,912,712,1624,9333,0.004624116,0.064393193,0.083288701,0.065179636,0.148336816
GROVELAND,GROVELAND,6697,1246,457,23,4496,149,6697,162,705,867,5830,0.048746503,0.033448211,0.024466784,0.105379565,0.129700836
MILLBURY,MILLBURY,13521,2982,565,1,9499,785,13330,797,1356,2153,11177,0.003192823,0.082673804,0.059872153,0.101789655,0.161599941
PELHAM,PELHAM,1277,343,53,0,966,22,1274,51,42,93,1181,0.0105293,0.024408564,0.041205316,0.035510765,0.074905647
WAKEFIELD,WAKEFIELD,26823,5321,996,34,19979,1328,26486,1167,1964,3131,23355,0.033910056,0.066503239,0.044115127,0.074222153,0.118280529
ROCKLAND,ROCKLAND,17849,3292,704,32,12951,558,17662,1115,1848,2963,14699,0.044624037,0.043176029,0.063187905,0.104674008,0.167819826
SEEKONK,SEEKONK,14957,3309,548,0,11288,840,14936,822,1082,1904,13032,0.001566519,0.07445926,0.055115002,0.072570124,0.127586922
TEMPLETON,TEMPLETON,8117,1711,391,20,6147,612,7982,355,871,1226,6756,0.049258307,0.099553177,0.044653186,0.109194399,0.153751583
PALMER,PALMER,12237,2429,507,57,9099,695,12100,1704,2052,3756,8344,0.107140065,0.076431857,0.140773816,0.169456328,0.310321709
FOXBOROUGH,FOXBOROUGH,17448,3193,664,0,12442,670,17406,849,1131,1980,15426,0.001306,0.053925434,0.048852797,0.065102611,0.113859848
LINCOLN,LINCOLN,6696,1290,276,0,4477,63,6677,183,500,683,5994,0.002943161,0.014472544,0.027674906,0.075155662,0.10259305
EAST BRIDGEWATER,EAST BRIDGEWATER,14860,2705,802,0,10018,427,14735,967,1281,2248,12487,0.001090292,0.042741281,0.065691969,0.087030006,0.152647555
LAKEVILLE,LAKEVILLE,12147,2059,668,14,8604,509,12051,474,897,1371,10680,0.021255323,0.059254416,0.039460041,0.074585914,0.113919477
ROYALSTON,ROYALSTON,1307,327,47,5,1015,94,1279,134,186,320,959,0.073413123,0.092710712,0.104872593,0.144883242,0.250037874
WATERTOWN,WATERTOWN,34553,5960,1117,49,26921,1496,34346,2888,2030,4918,29428,0.043381354,0.055603579,0.084102279,0.059173975,0.143230746
EASTON,EASTON,24001,3963,1986,11,15475,620,22066,1047,1384,2431,19635,0.005897925,0.040144641,0.047510221,0.06282326,0.110255536
NATICK,NATICK,35957,6353,1378,21,25391,794,35597,1271,2394,3665,31932,0.015522992,0.031327204,0.035750552,0.067311756,0.103014509
BROCKTON,BROCKTON,94602,13445,5000,239,61378,11537,92750,15678,18383,34061,58689,0.047662695,0.187934468,0.169021652,0.198171304,0.367213346
WENDELL,WENDELL,864,204,17,0,691,51,860,151,148,299,561,0.018032906,0.074522102,0.174013144,0.170225459,0.345767566
WESTFORD,WESTFORD,24087,3622,1504,24,15816,400,24024,552,1188,1740,22284,0.016202076,0.025389318,0.023055456,0.049564398,0.072530198
NORTH READING,NORTH READING,15598,2862,945,22,11114,275,15493,526,683,1209,14284,0.023413974,0.024884684,0.03405723,0.044273249,0.078188889
TISBURY,TISBURY,4100,654,190,1,3081,167,4086,281,924,1205,2881,0.008549516,0.054504296,0.068991798,0.225260359,0.294695902
ACTON,ACTON,23455,4001,1476,18,16161,397,23307,893,973,1866,21441,0.012527825,0.024662656,0.038381433,0.041876333,0.080162647
MIDDLETON,MIDDLETON,9656,1998,305,10,6754,510,8377,305,320,625,7752,0.032231698,0.075580675,0.036599524,0.038573537,0.074899116
TYRINGHAM,TYRINGHAM,439,190,13,0,373,8,431,54,51,105,326,0.019583579,0.025610397,0.124615376,0.118888442,0.243383801
HINGHAM,HINGHAM,23047,5578,1106,13,15996,232,22769,1299,1278,2577,20192,0.012207773,0.014615559,0.057101986,0.056238524,0.113261606
WILMINGTON,WILMINGTON,23538,3911,1357,4,16457,764,23227,684,1925,2609,20618,0.00353175,0.046490919,0.029523647,0.082943736,0.112406525
RICHMOND,RICHMOND,1521,540,51,6,1258,71,1521,78,103,181,1340,0.081770648,0.057131097,0.052111765,0.069055765,0.120151205
DOUGLAS,DOUGLAS,8722,1012,541,54,5755,178,8701,361,543,904,7797,0.095577709,0.031178496,0.041660249,0.062666784,0.104124902
ABINGTON,ABINGTON,16275,2469,753,26,11377,615,16194,579,1626,2205,13989,0.034215381,0.05413867,0.035853414,0.100463371,0.136254664
CHILMARK,CHILMARK,446,96,31,0,335,4,440,80,16,96,344,0.014119779,0.017123129,0.178532966,0.043107702,0.218790745
SOUTHWICK,SOUTHWICK,9711,2372,316,2,7159,748,9617,697,982,1679,7938,0.008328528,0.104462522,0.072561509,0.102198336,0.17468344
YARMOUTH,YARMOUTH,23459,7897,648,0,18523,934,23280,1598,3117,4715,18565,0.001336661,0.050478584,0.068681578,0.133878934,0.202556351
ALFORD,ALFORD,411,219,11,0,344,5,411,20,10,30,381,0.020463416,0.019436655,0.05175114,0.032481066,0.078763575
HANSON,HANSON,10560,1885,700,21,7399,435,10532,362,691,1053,9479,0.029871122,0.058904253,0.034527022,0.065813754,0.100175666
MEDWAY,MEDWAY,13162,1831,811,14,8684,395,13053,689,564,1253,11800,0.017656208,0.045614924,0.052880222,0.04343489,0.096154947
WEST BROOKFIELD,WEST BROOKFIELD,3777,842,68,0,2788,200,3608,234,504,738,2870,0.008973496,0.071933558,0.065128389,0.139550315,0.204678482
NEW SALEM,NEW SALEM,1019,268,41,0,778,42,1019,62,125,187,832,0.012224922,0.055158841,0.061877188,0.122768707,0.184284961
CHATHAM,CHATHAM,5166,2217,170,3,4092,128,5033,509,490,999,4034,0.019216916,0.031628182,0.101174498,0.097557791,0.198603465
WALTHAM,WALTHAM,62832,9666,4729,186,43037,3876,55701,5456,6253,11709,43992,0.03924626,0.090065724,0.097956593,0.112268704,0.210218788
HOLBROOK,HOLBROOK,11029,2140,691,12,8234,376,11005,734,830,1564,9441,0.017820104,0.045799855,0.066783079,0.07558373,0.142246071
HOLYOKE,HOLYOKE,40362,6570,2171,215,26875,5644,39244,11228,8439,19667,19577,0.097940284,0.209918746,0.286011943,0.214957306,0.501045435
NEW ASHFORD,NEW ASHFORD,334,81,12,0,241,17,330,26,14,40,290,0.020013832,0.072751336,0.08075332,0.05059953,0.126237966
NEW MARLBOROUGH,NEW MARLBOROUGH,1370,448,39,2,1149,79,1344,61,130,191,1153,0.040142073,0.069284641,0.04641664,0.09747858,0.143157966
MONTGOMERY,MONTGOMERY,802,148,31,3,618,21,802,30,70,100,702,0.060619621,0.036125014,0.03932159,0.088926319,0.126746739
ANDOVER,ANDOVER,35375,5881,2351,31,23207,610,34036,1512,1498,3010,31026,0.01338257,0.026351388,0.044465441,0.044098359,0.088501161
EAST BROOKFIELD,EAST BROOKFIELD,956,166,35,0,708,57,956,24,96,120,836,0.013295463,0.081009131,0.026987518,0.101331173,0.127242094
NORTH ATTLEBOROUGH,NORTH ATTLEBOROUGH,29033,4282,1589,16,19847,1211,28868,2113,2620,4733,24135,0.010422673,0.061056382,0.073223287,0.090801283,0.163990969
WEYMOUTH,WEYMOUTH,54469,10688,2338,1,39652,2713,54011,3582,7073,10655,43356,0.000805795,0.068436054,0.066337548,0.130951231,0.197285572
WESTHAMPTON,WESTHAMPTON,1819,336,77,0,1309,29,1814,68,124,192,1622,0.008242731,0.023377369,0.038344455,0.069470181,0.106917759
WEST BOYLSTON,WEST BOYLSTON,7892,1340,193,26,6113,770,5210,430,298,728,4482,0.118803595,0.12586036,0.082650282,0.057666714,0.140009905
SPENCER,SPENCER,11856,2539,331,0,8800,999,11781,1433,1604,3037,8744,0.002499083,0.113483192,0.121617302,0.136119258,0.257761005
GILL,GILL,2537,683,175,45,2001,68,2532,187,414,601,1931,0.22017917,0.03466113,0.074166533,0.1629758,0.237357411
DENNIS,DENNIS,13804,6539,388,7,11419,416,13656,1491,1968,3459,10197,0.018767852,0.036545771,0.109185682,0.144063792,0.253276931
LEVERETT,LEVERETT,1997,627,73,4,1505,42,1997,120,151,271,1726,0.046105191,0.028891503,0.060630721,0.07649778,0.136457179
PHILLIPSTON,PHILLIPSTON,1640,239,80,0,1230,116,1635,96,242,338,1297,0.008024893,0.094362317,0.059392096,0.147529336,0.20700005
CHELMSFORD,CHELMSFORD,35067,7918,1353,21,25584,1073,34945,1260,2015,3275,31670,0.015802884,0.04198712,0.036102586,0.0577319,0.093780118
SOUTH HADLEY,SOUTH HADLEY,17737,3448,1608,0,11794,763,15267,1584,1685,3269,11998,0.000554948,0.064753777,0.103763398,0.110404543,0.214144085
WILLIAMSBURG,WILLIAMSBURG,2481,578,64,0,1892,61,2481,268,193,461,2020,0.009341578,0.032977451,0.108046782,0.078474386,0.18611803
BROOKFIELD,BROOKFIELD,3406,791,105,0,2597,329,3383,311,374,685,2698,0.006576527,0.126442736,0.092050444,0.110710946,0.202633959
LEICESTER,LEICESTER,11277,2280,763,0,8179,829,10833,608,1220,1828,9005,0.001143676,0.101346691,0.056233151,0.112661769,0.168837669
HINSDALE,HINSDALE,1970,413,108,0,1485,78,1961,153,97,250,1711,0.006437112,0.053169432,0.078378105,0.05083597,0.128315813
SHREWSBURY,SHREWSBURY,36716,6235,2201,36,24663,1462,36586,1675,2413,4088,32498,0.016518544,0.059312482,0.045820716,0.066012773,0.111787996
PROVINCETOWN,PROVINCETOWN,2952,1058,22,0,2638,133,2943,314,653,967,1976,0.016408798,0.050799043,0.106725236,0.220719403,0.328109216
UPTON,UPTON,7770,1201,412,19,5343,165,7715,373,332,705,7010,0.044691865,0.031149704,0.04852092,0.04341624,0.091662738
BILLERICA,BILLERICA,42791,7375,2360,63,30695,2283,41485,1779,2967,4746,36739,0.0267017,0.074393144,0.042918136,0.071566674,0.114447046
ROCHESTER,ROCHESTER,5462,951,319,10,3743,270,5462,259,366,625,4837,0.030951633,0.072279795,0.047667006,0.067391741,0.114762166
HARVARD,HARVARD,6542,1216,291,11,4893,107,5471,286,285,571,4900,0.036703718,0.022200375,0.052504767,0.052572993,0.104730703
REHOBOTH,REHOBOTH,11990,1742,721,0,8213,502,11860,271,1057,1328,10532,0.001207338,0.06121789,0.023008876,0.089233378,0.112130733
SHIRLEY,SHIRLEY,7572,1146,220,0,5724,722,6093,625,910,1535,4558,0.003593285,0.126027388,0.102606365,0.149212197,0.251890793
BUCKLAND,BUCKLAND,1927,538,135,0,1434,144,1923,207,323,530,1393,0.005405746,0.100373525,0.107681688,0.167188334,0.275308761
HATFIELD,HATFIELD,3305,1052,149,0,2695,71,3305,144,318,462,2843,0.004991096,0.02691078,0.044004726,0.096534098,0.140226431
BOXBOROUGH,BOXBOROUGH,5546,739,364,0,3876,116,5546,295,362,657,4889,0.00229162,0.030302167,0.053414011,0.065661009,0.118783004
HOLDEN,HOLDEN,18558,3495,1088,14,12780,387,18407,861,1253,2114,16293,0.013295354,0.030395085,0.046850365,0.068184124,0.114946932
METHUEN,METHUEN,49575,8315,3011,93,33715,3990,49185,4636,7143,11779,37406,0.030845936,0.118331521,0.094263683,0.145212846,0.239482709
ASHFIELD,ASHFIELD,1598,340,93,0,1236,30,1598,123,172,295,1303,0.007200307,0.025529473,0.077421743,0.108029785,0.185090285
SWANSEA,SWANSEA,16341,3429,725,91,12182,1611,16063,881,1748,2629,13434,0.121172018,0.132182535,0.054921361,0.108858978,0.163736234
SPRINGFIELD,SPRINGFIELD,154613,21181,10652,923,94677,21581,149391,42874,36552,79426,69965,0.086463857,0.227913612,0.286966633,0.2446447,0.531635557
BEDFORD,BEDFORD,14105,3078,688,77,9876,234,13721,348,1084,1432,12289,0.107982247,0.023854865,0.025496101,0.079124812,0.104510239
ASHLAND,ASHLAND,17478,2943,867,0,12417,468,17429,555,1274,1829,15600,0.001011594,0.037794085,0.031940673,0.07320469,0.105053464
MONROE, ,,,,,,,,,,,,,,,,
OAKHAM,OAKHAM,1849,265,113,0,1338,79,1846,70,177,247,1599,0.00621744,0.059653486,0.038758384,0.096450807,0.134632933
EASTHAMPTON,EASTHAMPTON,16051,3197,687,0,12420,632,15989,1705,1677,3382,12607,0.001264311,0.050966526,0.106641701,0.104931083,0.211543987
NORTH ANDOVER,NORTH ANDOVER,30170,4474,2087,44,20145,584,28986,1479,1758,3237,25749,0.021179255,0.029063192,0.051068941,0.060730468,0.111739335
NORTON,NORTON,19515,2838,1684,0,12562,595,17615,991,1197,2188,15427,0.000530392,0.047451066,0.056325391,0.06807092,0.124308119
HAMPDEN,HAMPDEN,5193,1378,259,0,3827,248,5089,206,392,598,4491,0.003114207,0.064985898,0.040775159,0.077369757,0.117858994
SUNDERLAND,SUNDERLAND,3662,575,77,10,2361,159,3626,593,802,1395,2231,0.098727082,0.067617162,0.163232813,0.22024115,0.384110317
LEYDEN,LEYDEN,1793,443,74,0,1365,71,1780,204,201,405,1375,0.008472726,0.052722544,0.114564317,0.113172235,0.227604217
HUNTINGTON,HUNTINGTON,1977,375,88,5,1458,85,1977,159,277,436,1541,0.048643303,0.058870574,0.080752961,0.139851642,0.220657501
DUDLEY,DUDLEY,11637,1538,1104,24,7377,612,10580,820,1710,2530,8050,0.021899427,0.083002758,0.077572469,0.161503563,0.239126879
BROOKLINE,BROOKLINE,59246,10353,2373,2,41066,1183,57672,6555,4074,10629,47043,0.001209614,0.028843392,0.113659035,0.070675121,0.184314502
WEST NEWBURY,WEST NEWBURY,4545,714,289,0,3137,76,4543,258,48,306,4237,0.002824528,0.024728009,0.057045199,0.011469444,0.067914338
LITTLETON,LITTLETON,9754,1712,535,0,6970,179,9625,370,678,1048,8577,0.00160234,0.025903349,0.038602734,0.070646917,0.109082212
OAK BLUFFS,OAK BLUFFS,4675,1370,188,6,3291,109,4619,565,327,892,3727,0.031198404,0.033540311,0.122268777,0.071218018,0.193256458
RUTLAND,RUTLAND,8463,1074,699,0,5592,112,8443,190,806,996,7447,0.001243599,0.020326709,0.022727857,0.095591508,0.118178328
MATTAPOISETT,MATTAPOISETT,6245,1518,362,0,4489,115,6245,288,446,734,5511,0.002303208,0.025962367,0.046338772,0.071727413,0.117819858
WESTPORT,WESTPORT,15810,4037,730,0,11633,1489,15688,708,1946,2654,13034,0.001193107,0.127941148,0.045219887,0.124047381,0.169238427
HAVERHILL,HAVERHILL,62943,9035,2844,137,43391,4648,61900,7784,9682,17466,44434,0.04792708,0.107114144,0.125746123,0.156395662,0.28215373
HEATH,HEATH,1255,330,42,0,873,86,1235,197,277,474,761,0.012063038,0.098483968,0.158687867,0.221497339,0.382036572
SUDBURY,SUDBURY,18697,3365,1264,24,12197,108,18500,576,732,1308,17192,0.019198954,0.009011371,0.031227528,0.039734527,0.070837347
ROWLEY,ROWLEY,6232,1102,401,1,4358,102,6157,337,300,637,5520,0.004397893,0.023770645,0.054929616,0.049171548,0.103783645
WHATELY,WHATELY,1339,283,66,0,1037,65,1337,101,107,208,1129,0.009153838,0.063390111,0.076101879,0.081223663,0.156472887
BOURNE,BOURNE,19832,4614,1155,45,14141,521,19283,1321,2178,3499,15784,0.038628797,0.036935699,0.068553123,0.112972761,0.18149812
WASHINGTON,WASHINGTON,499,158,11,0,404,16,497,14,36,50,447,0.020463416,0.042540822,0.031592446,0.076022471,0.104594997
WILLIAMSTOWN,WILLIAMSTOWN,7623,1673,1437,0,3933,303,5010,576,447,1023,3987,0.000619481,0.077151766,0.114953324,0.08948083,0.204288587
SHELBURNE,SHELBURNE,1935,567,73,0,1535,133,1905,162,246,408,1497,0.00855227,0.086794356,0.085328406,0.129068069,0.214348906
AQUINNAH,AQUINNAH,640,66,55,8,331,32,640,139,32,171,469,0.100670178,0.096720954,0.213750427,0.054022932,0.26648641
EAST LONGMEADOW,EAST LONGMEADOW,16156,3613,715,0,11501,653,15731,708,1971,2679,13052,0.001217016,0.056853918,0.045096449,0.125294669,0.170363965
SOUTHAMPTON,SOUTHAMPTON,6090,1618,269,0,4526,254,6076,278,707,985,5091,0.003011264,0.056316513,0.045983089,0.116413751,0.162297028
GARDNER,GARDNER,20496,3514,860,87,14496,1779,19349,3222,3295,6517,12832,0.098387631,0.122685779,0.166458891,0.17021006,0.336735532
RAYNHAM,RAYNHAM,13845,2693,822,21,9684,565,13677,869,927,1796,11881,0.025611383,0.058430691,0.06361159,0.067929687,0.131430906
ROCKPORT,ROCKPORT,7184,2456,311,0,5616,136,7114,442,891,1333,5781,0.002644161,0.024497285,0.062277801,0.125247698,0.187480793
WESTON,WESTON,12027,2632,892,14,7510,95,11277,575,332,907,10370,0.01611096,0.012893174,0.051102564,0.029746219,0.080637021
MONSON,MONSON,8803,1884,437,0,6382,538,8658,482,656,1138,7520,0.001936078,0.084343833,0.055807674,0.075974232,0.131621349
SANDISFIELD,SANDISFIELD,859,235,52,0,619,53,799,33,92,125,674,0.010652426,0.08601954,0.043122056,0.11559381,0.157925439
ERVING,ERVING,1498,350,51,0,1112,57,1471,138,121,259,1212,0.010778466,0.052139288,0.094060907,0.083291396,0.176682934
MONTEREY,MONTEREY,729,338,34,0,600,27,723,72,42,114,609,0.013492385,0.046823118,0.099914565,0.061290723,0.159283569
WEST TISBURY,WEST TISBURY,2417,746,156,0,2049,24,2384,89,330,419,1965,0.004806744,0.012608055,0.037988451,0.13823195,0.176136246
TOWNSEND,TOWNSEND,9418,1327,381,10,6407,326,9310,377,820,1197,8113,0.026322138,0.051038349,0.040655998,0.088221725,0.128745527
WINTHROP,WINTHROP,18462,4114,707,19,13933,780,18425,1514,2063,3577,14848,0.026887937,0.056046392,0.082204479,0.111993974,0.194173015
STOCKBRIDGE,STOCKBRIDGE,1980,842,51,0,1612,129,1917,181,393,574,1343,0.010778466,0.080254826,0.094601986,0.203544665,0.298937779
ORLEANS,ORLEANS,5029,2175,177,0,4141,81,4972,388,557,945,4027,0.004327249,0.019964932,0.078178547,0.112124752,0.190204632
AYER,AYER,8014,1102,164,0,5959,268,8001,1074,644,1718,6283,0.004612057,0.045163579,0.1341713,0.08069181,0.214764208
OXFORD,OXFORD,13898,2183,976,0,9414,665,13810,1507,1262,2769,11041,0.000902369,0.07070081,0.109126788,0.091471928,0.20054613
PITTSFIELD,PITTSFIELD,43289,9380,1654,75,31700,3194,42420,6387,8622,15009,27411,0.044983835,0.100754807,0.150545825,0.203187364,0.353777458
HOPKINTON,HOPKINTON,16720,2034,971,3,11142,339,16639,250,693,943,15696,0.003893373,0.030555172,0.015148363,0.041830239,0.056836425
RUSSELL,RUSSELL,1330,294,66,0,943,45,1330,94,131,225,1105,0.009153838,0.048833912,0.071316318,0.09920972,0.1699264
MERRIMAC,MERRIMAC,6752,1605,430,0,4812,231,6728,361,719,1080,5648,0.001965317,0.048226003,0.053838439,0.106966388,0.160692754
NORTHBRIDGE,NORTHBRIDGE,16020,2504,722,22,10969,825,15716,1338,1520,2858,12858,0.030324898,0.075255621,0.085171416,0.096782658,0.181905201
BLANDFORD,BLANDFORD,1259,306,68,0,979,104,1259,89,196,285,974,0.008973496,0.106039915,0.071365879,0.154842995,0.226491049
HOLLISTON,HOLLISTON,14480,2302,664,0,9871,333,14420,209,935,1144,13276,0.001306,0.033874373,0.014636933,0.064991681,0.079497975
GREENFIELD,GREENFIELD,17474,3795,791,16,12999,974,16843,2216,3638,5854,10989,0.020510153,0.074966164,0.131541939,0.215802061,0.347463909
GRAFTON,GRAFTON,18517,2868,866,1,13002,536,18402,1058,1172,2230,16172,0.002124427,0.041317716,0.057555994,0.063809508,0.121276659
BLACKSTONE,BLACKSTONE,9201,1238,550,10,6307,367,9165,365,760,1125,8040,0.01869863,0.058323313,0.039991442,0.083090982,0.122935967
MEDFORD,MEDFORD,57700,9640,2737,0,41510,3215,55364,5725,6254,11979,43385,0.000328804,0.077461604,0.103409497,0.112969689,0.216373532
LOWELL,LOWELL,110964,13040,7151,277,70869,14284,105940,23776,20264,44040,61900,0.03868193,0.201523203,0.224406004,0.191255779,0.415681609
BEVERLY,BEVERLY,41431,7488,2442,0,28497,1620,38406,3173,4914,8087,30319,0.000367986,0.056878843,0.082633139,0.127946545,0.210576247
GLOUCESTER,GLOUCESTER,29858,7011,1373,39,22727,2066,29614,2507,4547,7054,22560,0.02837575,0.090911264,0.084674972,0.153508319,0.238197351
CHESTER,CHESTER,1529,228,65,0,1113,103,1511,97,213,310,1201,0.009246755,0.092635225,0.064850547,0.140608514,0.205471901
WINCHESTER,WINCHESTER,22579,4489,958,0,15177,331,22324,511,892,1403,20921,0.000918751,0.021916885,0.022974646,0.040094776,0.062964039
MILLVILLE,MILLVILLE,3237,348,131,0,2217,223,3237,142,299,441,2796,0.00553718,0.100555569,0.044309267,0.092734598,0.136701057
BRIDGEWATER,BRIDGEWATER,27434,4382,2831,93,16704,1211,22735,2159,1878,4037,18698,0.032784228,0.072529805,0.09497884,0.082671825,0.177606629
TOLLAND,TOLLAND,666,158,29,0,518,37,666,48,52,100,566,0.014571494,0.072469439,0.073286062,0.080512926,0.152057935
CANTON,CANTON,22829,4471,976,19,16286,482,22503,1348,1277,2625,19878,0.019723263,0.029685898,0.059951744,0.056857871,0.116731163
MASHPEE,MASHPEE,14054,4923,691,0,10910,411,13916,849,1647,2496,11420,0.001257331,0.037790032,0.061085786,0.118371624,0.179423643
LYNNFIELD,LYNNFIELD,12732,3002,686,0,8770,315,12699,228,474,702,11997,0.001266068,0.036069152,0.018110888,0.037575119,0.055494248
BARNSTABLE,BARNSTABLE,44325,11869,2161,201,33113,1741,44086,4018,6427,10445,33641,0.092007041,0.052606794,0.091149706,0.145766771,0.236923184
DOVER,DOVER,5922,1156,403,12,3862,65,5922,45,63,108,5814,0.029577258,0.017279355,0.007971517,0.011332424,0.018789756
MENDON,MENDON,5995,982,388,2,4014,113,5977,32,206,238,5739,0.006905916,0.028522594,0.005731186,0.035010659,0.040312791
HUDSON,HUDSON,19843,4264,936,83,14575,1416,19796,1174,1683,2857,16939,0.086549295,0.097153022,0.059360818,0.085090771,0.144392087
WESTWOOD,WESTWOOD,15597,3477,824,7,10615,264,15572,289,529,818,14754,0.009225429,0.025017946,0.018685966,0.034182411,0.052707637
HOLLAND,HOLLAND,2510,457,134,0,1763,100,2506,103,320,423,2083,0.005438016,0.057214474,0.041693977,0.127663687,0.169199138
CAMBRIDGE,CAMBRIDGE,110893,14462,8806,66,74490,3980,94300,12738,9049,21787,72513,0.007569527,0.053442753,0.135074075,0.095971002,0.231040126
WALPOLE,WALPOLE,24960,4663,1466,1,17320,992,24593,696,1591,2287,22306,0.001274382,0.057324869,0.028372724,0.064782157,0.093081637
BERLIN,BERLIN,3098,614,143,29,2289,143,3082,89,253,342,2740,0.169451481,0.062799614,0.029444338,0.082591443,0.111576514
SHARON,SHARON,18245,3176,1046,0,12183,268,18167,361,790,1151,17016,0.000843856,0.022131488,0.019978542,0.043647711,0.063499817
LYNN,LYNN,91817,12037,4623,245,59799,12493,91211,16773,16857,33630,57581,0.05281007,0.208876216,0.183875192,0.184789882,0.368683775
NORWOOD,NORWOOD,29121,5698,1596,56,21099,1116,28628,2367,2233,4600,24028,0.03492506,0.052939077,0.082702489,0.078060285,0.160721686
EVERETT,EVERETT,45212,5667,2187,216,30476,6128,44958,6255,9139,15394,29564,0.097684918,0.201002728,0.139116479,0.203216489,0.342373128
WALES,WALES,2009,402,74,0,1414,104,1989,113,587,700,1289,0.008472726,0.073909492,0.057390122,0.292110935,0.351071102
HOPEDALE,HOPEDALE,5955,1038,469,18,4166,274,5896,250,324,574,5322,0.03763252,0.065933876,0.042650039,0.055380905,0.097708139
TOPSFIELD,TOPSFIELD,6496,1793,437,0,4549,121,6375,89,304,393,5982,0.001936078,0.026934281,0.014285818,0.04812344,0.062058482
SOMERVILLE,SOMERVILLE,79983,8558,3055,42,59704,5725,77349,9623,9619,19242,58107,0.013893712,0.095890269,0.12440644,0.124358997,0.24876621
PEMBROKE,PEMBROKE,18230,3029,1115,104,12446,560,18190,768,1434,2202,15988,0.091344766,0.045085285,0.042301929,0.07892681,0.121150905
DUXBURY,DUXBURY,14637,3099,733,16,9766,103,14527,617,886,1503,13024,0.022062095,0.01073872,0.042573571,0.061149465,0.103600101
BOXFORD,BOXFORD,8228,1698,415,0,5759,137,8228,228,328,556,7672,0.002031044,0.024064268,0.027926587,0.040237077,0.06788227
BOSTON,BOSTON,668541,85040,42446,863,456715,63674,625730,128371,99268,227639,398091,0.020337118,0.139415371,0.205150759,0.158641604,0.363794431
